{
    "server": {
        "address": "localhost",
        "port": 3001
    },
    "authentication": {
        "gameMasterPassword": "4b8823ed9e5c2392ab4a791913bb8ce41956ea32e308b760eefb97536746dd33",
        "blueCommanderPassword": "b0ea4230c1558c5313165eda1bdb7fced008ca7f2ca6b823fb4d26292f309098",
        "redCommanderPassword": "302bcbaf2a3fdcf175b689bf102d6cdf9328f68a13d4096101bba806482bfed9"
    },
    "client": {
        "port": 3000,
        "elevationProvider": {
            "provider": "https://srtm.fasma.org/{lat}{lng}.SRTMGL3S.hgt.zip",
            "username": null,
            "password": null
        }
    }
}