{
  "airfields": {
      "Anapa-Vityazevo": {
        "ICAO": "URKA",
        "elevation": "141",
        "TACAN": "",
        "runways": [
          {
            "headings": [
              {
                "22": {
                  "magHeading": "214",
                  "ILS": ""
                },
                "04": {
                  "magHeading": "034",
                  "ILS": ""
                }
              }
            ],
            "length": "9000"
          }
        ]
      },
      "Batumi": {
        "ICAO": "UGSB",
        "elevation": "33",
        "TACAN": "16X",
        "runways": [
          {
            "headings": [
              {
                "13": {
                  "magHeading": "119",
                  "ILS": ""
                },
                "31": {
                  "magHeading": "299",
                  "ILS": ""
                }
              }
            ],
            "length": "7500"
          }
        ]
      },
      "Beslan": {
        "ICAO": "URMO",
        "elevation": "1722",
        "TACAN": "",
        "runways": [
          {
            "headings": [
              {
                "10": {
                  "magHeading": "086",
                  "ILS": "110.50"
                },
                "28": {
                  "magHeading": "266",
                  "ILS": ""
                }
              }
            ],
            "length": "9600"
          }
        ]
      },
      "Gelendzhik": {
        "ICAO": "URKG",
        "elevation": "72",
        "TACAN": "",
        "runways": [
          {
            "headings": [
              {
                "19": {
                  "magHeading": "212",
                  "ILS": ""
                },
                "01": {
                  "magHeading": "032",
                  "ILS": ""
                }
              }
            ],
            "length": "5400"
          }
        ]
      },
      "Gudauta": {
        "ICAO": "UG23",
        "elevation": "69",
        "TACAN": "",
        "runways": [
          {
            "headings": [
              {
                "15": {
                  "magHeading": "144",
                  "ILS": ""
                },
                "33": {
                  "magHeading": "324",
                  "ILS": ""
                }
              }
            ],
            "length": "7700"
          }
        ]
      },
      "Kobuleti": {
        "ICAO": "UG5X",
        "elevation": "69",
        "TACAN": "67X",
        "runways": [
          {
            "headings": [
              {
                "25": {
                  "magHeading": "243",
                  "ILS": ""
                },
                "07": {
                  "magHeading": "063",
                  "ILS": "111.50"
                }
              }
            ],
            "length": "7400"
          }
        ]
      },
      "Krasnodar-Center": {
        "ICAO": "URKL",
        "elevation": "98",
        "TACAN": "",
        "runways": [
          {
            "headings": [
              {
                "27": {
                  "magHeading": "259",
                  "ILS": ""
                },
                "09": {
                  "magHeading": "079",
                  "ILS": ""
                }
              }
            ],
            "length": "7700"
          }
        ]
      },
      "Krasnodar-Pashkovsky": {
        "ICAO": "URKK",
        "elevation": "112",
        "TACAN": "",
        "runways": [
          {
            "headings": [
              {
                "23": {
                  "magHeading": "219",
                  "ILS": ""
                },
                "05": {
                  "magHeading": "039",
                  "ILS": ""
                }
              }
            ],
            "length": "9600"
          }
        ]
      },
      "Krymsk": {
        "ICAO": "URKW",
        "elevation": "66",
        "TACAN": "",
        "runways": [
          {
            "headings": [
              {
                "22": {
                  "magHeading": "212",
                  "ILS": ""
                },
                "04": {
                  "magHeading": "032",
                  "ILS": ""
                }
              }
            ],
            "length": "8000"
          }
        ]
      },
      "Kutaisi": {
        "ICAO": "UGKO",
        "elevation": "148",
        "TACAN": "44X",
        "runways": [
          {
            "headings": [
              {
                "25": {
                  "magHeading": "247",
                  "ILS": ""
                },
                "07": {
                  "magHeading": "067'",
                  "ILS": "109.75"
                }
              }
            ],
            "length": "7700"
          }
        ]
      },
      "Maykop-Khanskaya": {
        "ICAO": "URKH",
        "elevation": "591",
        "TACAN": "",
        "runways": [
          {
            "headings": [
              {
                "22": {
                  "magHeading": "211",
                  "ILS": ""
                },
                "04": {
                  "magHeading": "031",
                  "ILS": ""
                }
              }
            ],
            "length": "10100"
          }
        ]
      },
      "Mineralnye Vody": {
        "ICAO": "URMM",
        "elevation": "1050",
        "TACAN": "",
        "runways": [
          {
            "headings": [
              {
                "12": {
                  "magHeading": "108",
                  "ILS": "111.70"
                },
                "30": {
                  "magHeading": "288",
                  "ILS": "109.30"
                }
              }
            ],
            "length": "12700"
          }
        ]
      },
      "Mozdok": {
        "ICAO": "XRMF",
        "elevation": "507",
        "TACAN": "",
        "runways": [
          {
            "headings": [
              {
                "26": {
                  "magHeading": "255",
                  "ILS": ""
                },
                "08": {
                  "magHeading": "075",
                  "ILS": ""
                }
              }
            ],
            "length": "9400"
          }
        ]
      },
      "Nalchik": {
        "ICAO": "URMN",
        "elevation": "1411",
        "TACAN": "",
        "runways": [
          {
            "headings": [
              {
                "24": {
                  "magHeading": "228",
                  "ILS": "110.50"
                },
                "06": {
                  "magHeading": "048'",
                  "ILS": ""
                }
              }
            ],
            "length": "7000"
          }
        ]
      },
      "Novorossiysk": {
        "ICAO": "URKN",
        "elevation": "131",
        "TACAN": "",
        "runways": [
          {
            "headings": [
              {
                "22": {
                  "magHeading": "214",
                  "ILS": ""
                },
                "04": {
                  "magHeading": "034",
                  "ILS": ""
                }
              }
            ],
            "length": "5400"
          }
        ]
      },
      "Senaki-Kolkhi": {
        "ICAO": "UGKS",
        "elevation": "43",
        "TACAN": "31X",
        "runways": [
          {
            "headings": [
              {
                "27": {
                  "magHeading": "268",
                  "ILS": ""
                },
                "09": {
                  "magHeading": "088'",
                  "ILS": "108.90"
                }
              }
            ],
            "length": "7400"
          }
        ]
      },
      "Sochi-Adler": {
        "ICAO": "URSS",
        "elevation": "98",
        "TACAN": "",
        "runways": [
          {
            "headings": [
              {
                "27": {
                  "magHeading": "235",
                  "ILS": ""
                },
                "06": {
                  "magHeading": "055",
                  "ILS": "111.10"
                }
              }
            ],
            "length": "9700"
          }
        ]
      },
      "Tbilisi-Lochini": {
        "ICAO": "UGTB",
        "elevation": "1574",
        "TACAN": "25X",
        "runways": [
          {
            "headings": [
              {
                "13": {
                  "magHeading": "121",
                  "ILS": "110.30"
                },
                "31": {
                  "magHeading": "301",
                  "ILS": "108.90"
                }
              }
            ],
            "length": "9300"
          }
        ]
      },
      "Soganlug": {
        "ICAO": "UG24",
        "elevation": "1500",
        "TACAN": "25X",
        "runways": [
          {
            "headings": [
              {
                "14": {
                  "magHeading": "125",
                  "ILS": ""
                },
                "32": {
                  "magHeading": "305",
                  "ILS": ""
                }
              }
            ],
            "length": "6500"
          }
        ]
      },
      "Sukhumi-Babushara": {
        "ICAO": "UGSS",
        "elevation": "43",
        "TACAN": "",
        "runways": [
          {
            "headings": [
              {
                "12": {
                  "magHeading": "109",
                  "ILS": ""
                },
                "30": {
                  "magHeading": "289",
                  "ILS": ""
                }
              }
            ],
            "length": "11400"
          }
        ]
      },
      "Vaziani": {
        "ICAO": "UG27",
        "elevation": "1524",
        "TACAN": "22X",
        "runways": [
          {
            "headings": [
              {
                "13": {
                  "magHeading": "129",
                  "ILS": "108.75"
                },
                "31": {
                  "magHeading": "309",
                  "ILS": "108.75"
                }
              }
            ],
            "length": "7700"
          }
        ]
      }
    }
}