{
  "airfields": {
    "Beatty": {
      "ICAO": "KBTY",
      "elevation": "3173",
      "TACAN": "94X",
      "runways": [
        {
          "headings": [
            {
              "16": {
                "magHeading": "168",
                "ILS": ""
              },
              "34": {
                "magHeading": "348",
                "ILS": ""
              }
            }
          ],
          "length": "5500"
        }
      ]
    },
    "Boulder City": {
      "ICAO": "KBVU",
      "elevation": "2205",
      "TACAN": "114X",
      "runways": [
        {
          "headings": [
            {
              "15": {
                "magHeading": "153",
                "ILS": ""
              },
              "33": {
                "magHeading": "333",
                "ILS": ""
              }
            }
          ],
          "length": "3700"
        },
        {
          "headings": [
            {
              "27": {
                "magHeading": "267",
                "ILS": ""
              },
              "09": {
                "magHeading": "087",
                "ILS": ""
              }
            }
          ],
          "length": "4400"
        }
      ]
    },
    "Creech": {
      "ICAO": "KINS",
      "elevation": "3126",
      "TACAN": "87X",
      "runways": [
        {
          "headings": [
            {
              "13": {
                "magHeading": "134",
                "ILS": ""
              },
              "31": {
                "magHeading": "314",
                "ILS": ""
              }
            }
          ],
          "length": "4700"
        },
        {
          "headings": [
            {
              "26": {
                "magHeading": "260",
                "ILS": ""
              },
              "08": {
                "magHeading": "080",
                "ILS": "108.70"
              }
            }
          ],
          "length": "8700"
        }
      ]
    },
    "Echo Bay": {
      "ICAO": "0L9",
      "elevation": "1549",
      "TACAN": "",
      "runways": [
        {
          "headings": [
            {
              "24": {
                "magHeading": "246",
                "ILS": ""
              },
              "06": {
                "magHeading": "066",
                "ILS": ""
              }
            }
          ],
          "length": "3300"
        }
      ]
    },
    "Groom Lake": {
      "ICAO": "KXTA",
      "elevation": "4495",
      "TACAN": "18X",
      "runways": [
        {
          "headings": [
            {
              "14L": {
                "magHeading": "145",
                "ILS": ""
              },
              "32R": {
                "magHeading": "325",
                "ILS": "109.30"
              }
            }
          ],
          "length": "11700"
        },
        {
          "headings": [
            {
              "14R (CLOSED)": {
                "magHeading": "145",
                "ILS": ""
              },
              "32L (CLOSED)": {
                "magHeading": "325",
                "ILS": ""
              }
            }
          ],
          "length": "17800"
        }
      ]
    },
    "Henderson Executive": {
      "ICAO": "KHND",
      "elevation": "2493",
      "TACAN": "",
      "runways": [
        {
          "headings": [
            {
              "17L": {
                "magHeading": "168",
                "ILS": ""
              },
              "35R": {
                "magHeading": "348",
                "ILS": ""
              }
            }
          ],
          "length": "4600"
        },
        {
          "headings": [
            {
              "17R": {
                "magHeading": "168",
                "ILS": ""
              },
              "35L": {
                "magHeading": "348",
                "ILS": ""
              }
            }
          ],
          "length": "6100"
        }
      ]
    },
    "Jean": {
      "ICAO": "",
      "elevation": "2825",
      "TACAN": "",
      "runways": [
        {
          "headings": [
            {
              "02L": {
                "magHeading": "020",
                "ILS": ""
              },
              "20R": {
                "magHeading": "200",
                "ILS": ""
              }
            }
          ],
          "length": "4500"
        },
        {
          "headings": [
            {
              "02R": {
                "magHeading": "020",
                "ILS": ""
              },
              "20L": {
                "magHeading": "200",
                "ILS": ""
              }
            }
          ],
          "length": "3600"
        }
      ]
    },
    "McCarran International": {
      "ICAO": "KLAS",
      "elevation": "2178",
      "TACAN": "116X",
      "runways": [
        {
          "headings": [
            {
              "01L": {
                "magHeading": "013",
                "ILS": ""
              },
              "19R": {
                "magHeading": "193",
                "ILS": ""
              }
            }
          ],
          "length": "8000"
        },
        {
          "headings": [
            {
              "01R": {
                "magHeading": "013",
                "ILS": ""
              },
              "19L": {
                "magHeading": "193",
                "ILS": ""
              }
            }
          ],
          "length": "8000"
        },
        {
          "headings": [
            {
              "07L": {
                "magHeading": "078",
                "ILS": ""
              },
              "25R": {
                "magHeading": "258",
                "ILS": "110.30"
              }
            }
          ],
          "length": "10600"
        },
        {
          "headings": [
            {
              "07R": {
                "magHeading": "078",
                "ILS": ""
              },
              "25L": {
                "magHeading": "258",
                "ILS": ""
              }
            }
          ],
          "length": "10100"
        }
      ]
    },
    "Laughlin": {
      "ICAO": "KIFP",
      "elevation": "673",
      "TACAN": "",
      "runways": [
        {
          "headings": [
            {
              "16": {
                "magHeading": "164",
                "ILS": ""
              },
              "34": {
                "magHeading": "344",
                "ILS": ""
              }
            }
          ],
          "length": "7100"
        }
      ]
    },
    "Lincoln County": {
      "ICAO": "",
      "elevation": "4816",
      "TACAN": "",
      "runways": [
        {
          "headings": [
            {
              "17": {
                "magHeading": "170",
                "ILS": ""
              },
              "35": {
                "magHeading": "350",
                "ILS": ""
              }
            }
          ],
          "length": "4500"
        }
      ]
    },
    "Mesquite": {
      "ICAO": "67L",
      "elevation": "1859",
      "TACAN": "",
      "runways": [
        {
          "headings": [
            {
              "19": {
                "magHeading": "197",
                "ILS": ""
              },
              "01": {
                "magHeading": "017",
                "ILS": ""
              }
            }
          ],
          "length": "5000"
        }
      ]
    },
    "Mina": {
      "ICAO": "",
      "elevation": "4560",
      "TACAN": "",
      "runways": [
        {
          "headings": [
            {
              "13": {
                "magHeading": "140",
                "ILS": ""
              },
              "31": {
                "magHeading": "320",
                "ILS": ""
              }
            }
          ],
          "length": "4100"
        }
      ]
    },
    "Nellis": {
      "ICAO": "KLSV",
      "elevation": "1849",
      "TACAN": "12X",
      "runways": [
        {
          "headings": [
            {
              "03L": {
                "magHeading": "029",
                "ILS": ""
              },
              "21R": {
                "magHeading": "209",
                "ILS": ""
              }
            }
          ],
          "length": "9800"
        },
        {
          "headings": [
            {
              "03R": {
                "magHeading": "029",
                "ILS": ""
              },
              "21L": {
                "magHeading": "209",
                "ILS": "109.10"
              }
            }
          ],
          "length": "9800"
        }
      ]
    },
    "North Las Vegas": {
      "ICAO": "KVGT",
      "elevation": "2228",
      "TACAN": "",
      "runways": [
        {
          "headings": [
            {
              "25": {
                "magHeading": "256",
                "ILS": ""
              },
              "07": {
                "magHeading": "076",
                "ILS": ""
              }
            }
          ],
          "length": "4900"
        },
        {
          "headings": [
            {
              "12L": {
                "magHeading": "122",
                "ILS": "110.70"
              },
              "30R": {
                "magHeading": "302",
                "ILS": "109.10"
              }
            }
          ],
          "length": "3800"
        },
        {
          "headings": [
            {
              "12R": {
                "magHeading": "122",
                "ILS": ""
              },
              "30L": {
                "magHeading": "302",
                "ILS": ""
              }
            }
          ],
          "length": "4600"
        }
      ]
    },
    "Pahute Mesa": {
      "ICAO": "",
      "elevation": "5059",
      "TACAN": "",
      "runways": [
        {
          "headings": [
            {
              "18": {
                "magHeading": "182",
                "ILS": ""
              },
              "36": {
                "magHeading": "002",
                "ILS": ""
              }
            }
          ],
          "length": "5500"
        }
      ]
    },
    "Tonopah": {
      "ICAO": "KTPH",
      "elevation": "5390",
      "TACAN": "119X",
      "runways": [
        {
          "headings": [
            {
              "11": {
                "magHeading": "113",
                "ILS": ""
              },
              "29": {
                "magHeading": "293",
                "ILS": ""
              }
            }
          ],
          "length": "5600"
        },
        {
          "headings": [
            {
              "15": {
                "magHeading": "153",
                "ILS": ""
              },
              "33": {
                "magHeading": "333",
                "ILS": ""
              }
            }
          ],
          "length": "6800"
        }
      ]
    },
    "Tonopah Test Range": {
      "ICAO": "KTNX",
      "elevation": "5535",
      "TACAN": "77X",
      "runways": [
        {
          "headings": [
            {
              "14": {
                "magHeading": "145",
                "ILS": "108.30"
              },
              "32": {
                "magHeading": "325",
                "ILS": "111.70"
              }
            }
          ],
          "length": "11700"
        }
      ]
    }
  }
}