{
  "airfields": {
    "As Salihiyah": {
      "runways": [
        {
          "headings": [
            {
              "02L": {
                "magHeading": "13",
                "Heading": "18",
                "ILS": "110.70"
              }
            },
            {
              "20R": {
                "magHeading": "193",
                "Heading": "198",
                "ILS": ""
              }
            }
          ],
          "length": "9281"
        },
        {
          "headings": [
            {
              "20L": {
                "magHeading": "13",
                "Heading": "18",
                "ILS": ""
              }
            },
            {
              "02R": {
                "magHeading": "193",
                "Heading": "198",
                "ILS": ""
              }
            }
          ],
          "length": "9281"
        }
      ],
      "TACAN": "26X",
      "ICAO": "HE39",
      "elevation": "7"
    },
    "El Gora": {
      "runways": [
        {
          "headings": [
            {
              "08": {
                "magHeading": "70",
                "Heading": "75",
                "ILS": ""
              }
            },
            {
              "26": {
                "magHeading": "250",
                "Heading": "255",
                "ILS": ""
              }
            }
          ],
          "length": "6863"
        }
      ],
      "TACAN": "",
      "ICAO": "HEGR",
      "elevation": "422"
    },
    "Sde Dov": {
      "runways": [
        {
          "headings": [
            {
              "21": {
                "magHeading": "202",
                "Heading": "207",
                "ILS": ""
              }
            },
            {
              "03": {
                "magHeading": "22",
                "Heading": "27",
                "ILS": ""
              }
            }
          ],
          "length": "4275"
        }
      ],
      "TACAN": "",
      "ICAO": "LLSD",
      "elevation": "19"
    },
    "AzZaqaziq": {
      "runways": [
        {
          "headings": [
            {
              "36R": {
                "magHeading": "358",
                "Heading": "3",
                "ILS": ""
              }
            },
            {
              "18L": {
                "magHeading": "178",
                "Heading": "183",
                "ILS": ""
              }
            }
          ],
          "length": "9151"
        },
        {
          "headings": [
            {
              "18R": {
                "magHeading": "358",
                "Heading": "3",
                "ILS": ""
              }
            },
            {
              "36L": {
                "magHeading": "178",
                "Heading": "183",
                "ILS": ""
              }
            }
          ],
          "length": "9151"
        }
      ],
      "TACAN": "94X",
      "ICAO": "",
      "elevation": "6"
    },
    "Hatzor": {
      "runways": [
        {
          "headings": [
            {
              "05": {
                "magHeading": "49",
                "Heading": "53",
                "ILS": "108.50"
              }
            },
            {
              "23": {
                "magHeading": "229",
                "Heading": "233",
                "ILS": ""
              }
            }
          ],
          "length": "7890"
        },
        {
          "headings": [
            {
              "29R": {
                "magHeading": "286",
                "Heading": "291",
                "ILS": ""
              }
            },
            {
              "11L": {
                "magHeading": "106",
                "Heading": "111",
                "ILS": ""
              }
            }
          ],
          "length": "7960"
        },
        {
          "headings": [
            {
              "29L": {
                "magHeading": "286",
                "Heading": "291",
                "ILS": ""
              }
            },
            {
              "11R": {
                "magHeading": "106",
                "Heading": "111",
                "ILS": ""
              }
            }
          ],
          "length": "8081"
        }
      ],
      "TACAN": "106X",
      "ICAO": "LLHS",
      "elevation": "100"
    },
    "Abu Suwayr": {
      "runways": [
        {
          "headings": [
            {
              "29": {
                "magHeading": "287",
                "Heading": "292",
                "ILS": ""
              }
            },
            {
              "11": {
                "magHeading": "107",
                "Heading": "112",
                "ILS": ""
              }
            }
          ],
          "length": "9259"
        },
        {
          "headings": [
            {
              "09": {
                "magHeading": "266",
                "Heading": "271",
                "ILS": ""
              }
            },
            {
              "27": {
                "magHeading": "86",
                "Heading": "91",
                "ILS": ""
              }
            }
          ],
          "length": "9259"
        }
      ],
      "TACAN": "29X",
      "ICAO": "HE35",
      "elevation": "18"
    },
    "Nevatim": {
      "runways": [
        {
          "headings": [
            {
              "07": {
                "magHeading": "71",
                "Heading": "76",
                "ILS": ""
              }
            },
            {
              "25": {
                "magHeading": "251",
                "Heading": "256",
                "ILS": ""
              }
            }
          ],
          "length": "10369"
        },
        {
          "headings": [
            {
              "26L": {
                "magHeading": "71",
                "Heading": "76",
                "ILS": ""
              }
            },
            {
              "08R": {
                "magHeading": "251",
                "Heading": "256",
                "ILS": ""
              }
            }
          ],
          "length": "10369"
        },
        {
          "headings": [
            {
              "8L": {
                "magHeading": "71",
                "Heading": "76",
                "ILS": ""
              }
            },
            {
              "26R": {
                "magHeading": "251",
                "Heading": "256",
                "ILS": ""
              }
            }
          ],
          "length": "8019"
        }
      ],
      "TACAN": "",
      "ICAO": "LLNV",
      "elevation": "1303"
    },
    "Bir Hasanah": {
      "runways": [
        {
          "headings": [
            {
              "30": {
                "magHeading": "295",
                "Heading": "300",
                "ILS": ""
              }
            },
            {
              "12": {
                "magHeading": "115",
                "Heading": "120",
                "ILS": ""
              }
            }
          ],
          "length": "9386"
        }
      ],
      "TACAN": "",
      "ICAO": "",
      "elevation": "1224"
    },
    "Al Ismailiyah": {
      "runways": [
        {
          "headings": [
            {
              "31": {
                "magHeading": "304",
                "Heading": "309",
                "ILS": "110.30"
              }
            },
            {
              "13": {
                "magHeading": "124",
                "Heading": "129",
                "ILS": ""
              }
            }
          ],
          "length": "9912"
        }
      ],
      "TACAN": "",
      "ICAO": "HE44",
      "elevation": "11"
    },
    "Palmahim": {
      "runways": [
        {
          "headings": [
            {
              "03L": {
                "magHeading": "19",
                "Heading": "24",
                "ILS": ""
              }
            },
            {
              "21R": {
                "magHeading": "199",
                "Heading": "204",
                "ILS": ""
              }
            }
          ],
          "length": "3906"
        },
		{
          "headings": [
            {
              "03R": {
                "magHeading": "19",
                "Heading": "24",
                "ILS": ""
              }
            },
            {
              "21L": {
                "magHeading": "199",
                "Heading": "204",
                "ILS": ""
              }
            }
          ],
          "length": "7092"
        }
      ],
      "TACAN": "",
      "ICAO": "",
      "elevation": "32"
    },
    "Fayed": {
      "runways": [
        {
          "headings": [
            {
              "27": {
                "magHeading": "266",
                "Heading": "271",
                "ILS": "110.15"
              }
            },
            {
              "09": {
                "magHeading": "86",
                "Heading": "91",
                "ILS": ""
              }
            }
          ],
          "length": "9238"
        }
      ],
      "TACAN": "125X",
      "ICAO": "",
      "elevation": "27"
    },
    "Hatzerim": {
      "runways": [
        {
          "headings": [
            {
              "28R": {
                "magHeading": "279",
                "Heading": "284",
                "ILS": ""
              }
            },
            {
              "10L": {
                "magHeading": "99",
                "Heading": "104",
                "ILS": ""
              }
            }
          ],
          "length": "7291"
        },
        {
          "headings": [
            {
              "10R": {
                "magHeading": "279",
                "Heading": "284",
                "ILS": ""
              }
            },
            {
              "28L": {
                "magHeading": "99",
                "Heading": "104",
                "ILS": ""
              }
            }
          ],
          "length": "7291"
        }
      ],
      "TACAN": "96X",
      "ICAO": "LLHB",
      "elevation": "686"
    },
    "Ramon Airbase": {
      "runways": [
        {
          "headings": [
            {
              "07R": {
                "magHeading": "61",
                "Heading": "66",
                "ILS": ""
              }
            },
            {
              "25L": {
                "magHeading": "241",
                "Heading": "246",
                "ILS": ""
              }
            }
          ],
          "length": "9840"
        },
        {
          "headings": [
            {
              "25R": {
                "magHeading": "61",
                "Heading": "66",
                "ILS": ""
              }
            },
            {
              "07L": {
                "magHeading": "241",
                "Heading": "246",
                "ILS": ""
              }
            }
          ],
          "length": "8310"
        }
      ],
      "TACAN": "105X",
      "ICAO": "LLRM",
      "elevation": "2030"
    },
    "Kibrit Air Base": {
      "runways": [
        {
          "headings": [
            {
              "32R": {
                "magHeading": "311",
                "Heading": "316",
                "ILS": ""
              }
            },
            {
              "14L": {
                "magHeading": "131",
                "Heading": "136",
                "ILS": ""
              }
            }
          ],
          "length": "8248"
        },
        {
          "headings": [
            {
              "14R": {
                "magHeading": "311",
                "Heading": "316",
                "ILS": ""
              }
            },
            {
              "32L": {
                "magHeading": "131",
                "Heading": "136",
                "ILS": ""
              }
            }
          ],
          "length": "8248"
        }
      ],
      "TACAN": "55X",
      "ICAO": "HE34",
      "elevation": "13"
    },
    "El Arish": {
      "runways": [
        {
          "headings": [
            {
              "34R": {
                "magHeading": "332",
                "Heading": "337",
                "ILS": ""
              }
            },
            {
              "16L": {
                "magHeading": "152",
                "Heading": "157",
                "ILS": ""
              }
            }
          ],
          "length": "9351"
        },
        {
          "headings": [
            {
              "16R": {
                "magHeading": "332",
                "Heading": "337",
                "ILS": ""
              }
            },
            {
              "34L": {
                "magHeading": "152",
                "Heading": "157",
                "ILS": ""
              }
            }
          ],
          "length": "9351"
        }
      ],
      "TACAN": "",
      "ICAO": "HEAR",
      "elevation": "311"
    },
    "Ovda": {
      "runways": [
        {
          "headings": [
            {
              "03R": {
                "magHeading": "16",
                "Heading": "21",
                "ILS": ""
              }
            },
            {
              "21L": {
                "magHeading": "196",
                "Heading": "201",
                "ILS": ""
              }
            }
          ],
          "length": "9840"
        },
        {
          "headings": [
            {
              "21R": {
                "magHeading": "16",
                "Heading": "21",
                "ILS": ""
              }
            },
            {
              "03L": {
                "magHeading": "196",
                "Heading": "201",
                "ILS": ""
              }
            }
          ],
          "length": "8054"
        }
      ],
      "TACAN": "63X",
      "ICAO": "LLOV",
      "elevation": "1434"
    },
    "Melez": {
      "runways": [
        {
          "headings": [
            {
              "34": {
                "magHeading": "322",
                "Heading": "326",
                "ILS": ""
              }
            },
            {
              "16": {
                "magHeading": "142",
                "Heading": "146",
                "ILS": ""
              }
            }
          ],
          "length": "10940"
        },
        {
          "headings": [
            {
              "15L": {
                "magHeading": "322",
                "Heading": "326",
                "ILS": ""
              }
            },
            {
              "33R": {
                "magHeading": "142",
                "Heading": "146",
                "ILS": ""
              }
            }
          ],
          "length": "10225"
        },        
		{
          "headings": [
            {
              "15R": {
                "magHeading": "322",
                "Heading": "326",
                "ILS": ""
              }
            },
            {
              "33L": {
                "magHeading": "142",
                "Heading": "146",
                "ILS": ""
              }
            }
          ],
          "length": "7661"
        }
		
      ],
      "TACAN": "",
      "ICAO": "HE36",
      "elevation": "1003"
    },
    "Ben-Gurion": {
      "runways": [
        {
          "headings": [
            {
              "03": {
                "magHeading": "23",
                "Heading": "28",
                "ILS": ""
              }
            },
            {
              "21": {
                "magHeading": "203",
                "Heading": "208",
                "ILS": "109.70"
              }
            }
          ],
          "length": "8435"
        },
        {
          "headings": [
            {
              "08": {
                "magHeading": "74",
                "Heading": "79",
                "ILS": ""
              }
            },
            {
              "26": {
                "magHeading": "254",
                "Heading": "259",
                "ILS": ""
              }
            }
          ],
          "length": "8435"
        },
        {
          "headings": [
            {
              "30": {
                "magHeading": "296",
                "Heading": "300",
                "ILS": ""
              }
            },
            {
              "12": {
                "magHeading": "116",
                "Heading": "120",
                "ILS": ""
              }
            }
          ],
          "length": "9503"
        }
      ],
      "TACAN": "",
      "ICAO": "LLBG",
      "elevation": "98"
    },
    "Bilbeis Air Base": {
      "runways": [
        {
          "headings": [
            {
              "35R": {
                "magHeading": "345",
                "Heading": "350",
                "ILS": ""
              }
            },
            {
              "17L": {
                "magHeading": "165",
                "Heading": "170",
                "ILS": ""
              }
            }
          ],
          "length": "9782"
        },
		{
          "headings": [
            {
              "35L": {
                "magHeading": "345",
                "Heading": "350",
                "ILS": ""
              }
            },
            {
              "17R": {
                "magHeading": "165",
                "Heading": "170",
                "ILS": ""
              }
            }
          ],
          "length": "4921"
        },
        {
          "headings": [
            {
              "27L": {
                "magHeading": "269",
                "Heading": "274",
                "ILS": ""
              }
            },
            {
              "09R": {
                "magHeading": "89",
                "Heading": "94",
                "ILS": ""
              }
            }
          ],
          "length": "8202"
        },
		{
          "headings": [
            {
              "27R": {
                "magHeading": "269",
                "Heading": "274",
                "ILS": ""
              }
            },
            {
              "09L": {
                "magHeading": "89",
                "Heading": "94",
                "ILS": ""
              }
            }
          ],
          "length": "4848"
        },
        {
          "headings": [
            {
              "04": {
                "magHeading": "40",
                "Heading": "45",
                "ILS": ""
              }
            },
            {
              "22": {
                "magHeading": "220",
                "Heading": "225",
                "ILS": ""
              }
            }
          ],
          "length": "11423"
        }
      ],
      "TACAN": "86X",
      "ICAO": "HE37",
      "elevation": "91"
    },
    "Tel Nof": {
      "runways": [
        {
          "headings": [
            {
              "36": {
                "magHeading": "357",
                "Heading": "2",
                "ILS": "109.10"
              }
            },
            {
              "18": {
                "magHeading": "177",
                "Heading": "182",
                "ILS": ""
              }
            }
          ],
          "length": "7232"
        },
        {
          "headings": [
            {
              "18L": {
                "magHeading": "325",
                "Heading": "330",
                "ILS": ""
              }
            },
            {
              "36R": {
                "magHeading": "145",
                "Heading": "150",
                "ILS": ""
              }
            }
          ],
          "length": "7232"
        },
        {
          "headings": [
            {
              "36L": {
                "magHeading": "325",
                "Heading": "330",
                "ILS": ""
              }
            },
            {
              "18R": {
                "magHeading": "145",
                "Heading": "150",
                "ILS": ""
              }
            }
          ],
          "length": "7298"
        }
      ],
      "TACAN": "",
      "ICAO": "LLEK",
      "elevation": "142"
    },
    "Baluza": {
      "runways": [
        {
          "headings": [
            {
              "25": {
                "magHeading": "251",
                "Heading": "256",
                "ILS": ""
              }
            },
            {
              "07": {
                "magHeading": "71",
                "Heading": "76",
                "ILS": ""
              }
            }
          ],
          "length": "5794"
        }
      ],
      "TACAN": "",
      "ICAO": "HE22",
      "elevation": "119"
    },
    "Difarsuwar Airfield": {
      "runways": [
        {
          "headings": [
            {
              "36": {
                "magHeading": "356",
                "Heading": "1",
                "ILS": ""
              }
            },
            {
              "18": {
                "magHeading": "176",
                "Heading": "181",
                "ILS": ""
              }
            }
          ],
          "length": "1920"
        },
        {
          "headings": [
            {
              "27": {
                "magHeading": "266",
                "Heading": "271",
                "ILS": ""
              }
            },
            {
              "09": {
                "magHeading": "86",
                "Heading": "91",
                "ILS": ""
              }
            }
          ],
          "length": "1393"
        }
      ],
      "TACAN": "",
      "ICAO": "",
      "elevation": "6"
    },
    "Wadi al Jandali": {
      "runways": [
        {
          "headings": [
            {
              "01R": {
                "magHeading": "11",
                "Heading": "16",
                "ILS": "109.7"
              }
            },
            {
              "19L": {
                "magHeading": "191",
                "Heading": "196",
                "ILS": ""
              }
            }
          ],
          "length": "10450"
        },
        {
          "headings": [
            {
              "19R": {
                "magHeading": "11",
                "Heading": "16",
                "ILS": ""
              }
            },
            {
              "01L": {
                "magHeading": "191",
                "Heading": "196",
                "ILS": ""
              }
            }
          ],
          "length": "11314"
        }
      ],
      "TACAN": "96X",
      "ICAO": "HECP",
      "elevation": "748"
    },
    "St Catherine": {
      "runways": [
        {
          "headings": [
            {
              "35": {
                "magHeading": "346",
                "Heading": "351",
                "ILS": ""
              }
            },
            {
              "17": {
                "magHeading": "166",
                "Heading": "171",
                "ILS": ""
              }
            }
          ],
          "length": "6289"
        }
      ],
      "TACAN": "",
      "ICAO": "HESC",
      "elevation": "4256"
    },
    "Al Mansurah": {
      "runways": [
        {
          "headings": [
            {
              "32": {
                "magHeading": "315",
                "Heading": "319",
                "ILS": ""
              }
            },
            {
              "14": {
                "magHeading": "135",
                "Heading": "139",
                "ILS": ""
              }
            }
          ],
          "length": "9087"
        },
        {
          "headings": [
            {
              "35": {
                "magHeading": "341",
                "Heading": "346",
                "ILS": ""
              }
            },
            {
              "17": {
                "magHeading": "161",
                "Heading": "166",
                "ILS": ""
              }
            }
          ],
          "length": "9087"
        }
      ],
      "TACAN": "53X",
      "ICAO": "HE32",
      "elevation": "6"
    },
    "Abu Rudeis": {
      "runways": [
        {
          "headings": [
            {
              "13": {
                "magHeading": "127",
                "Heading": "132",
                "ILS": ""
              }
            },
            {
              "31": {
                "magHeading": "307",
                "Heading": "312",
                "ILS": ""
              }
            }
          ],
          "length": "6115"
        }
      ],
      "TACAN": "",
      "ICAO": "HE29",
      "elevation": "2"
    },
    "Inshas Airbase": {
      "runways": [
        {
          "headings": [
            {
              "09R": {
                "magHeading": "87",
                "Heading": "92",
                "ILS": ""
              }
            },
            {
              "27L": {
                "magHeading": "267",
                "Heading": "272",
                "ILS": ""
              }
            }
          ],
          "length": "7997"
        },
        {
          "headings": [
            {
              "27R": {
                "magHeading": "43",
                "Heading": "48",
                "ILS": ""
              }
            },
            {
              "09L": {
                "magHeading": "223",
                "Heading": "228",
                "ILS": ""
              }
            }
          ],
          "length": "7997"
        }
      ],
      "TACAN": "98X",
      "ICAO": "HE12",
      "elevation": "154"
    },
    "Cairo International Airport": {
      "runways": [
        {
          "headings": [
            {
              "05L": {
                "magHeading": "45",
                "Heading": "50",
                "ILS": ""
              }
            },
            {
              "23R": {
                "magHeading": "225",
                "Heading": "230",
                "ILS": ""
              }
            }
          ],
          "length": "10815"
        },
        {
          "headings": [
            {
              "23C": {
                "magHeading": "45",
                "Heading": "50",
                "ILS": ""
              }
            },
            {
              "05C": {
                "magHeading": "225",
                "Heading": "230",
                "ILS": "108.90"
              }
            }
          ],
          "length": "12314"
        },
        {
          "headings": [
            {
              "05R": {
                "magHeading": "45",
                "Heading": "50",
                "ILS": ""
              }
            },
            {
              "23L": {
                "magHeading": "225",
                "Heading": "230",
                "ILS": "108.70"
              }
            }
          ],
          "length": "12306"
        }
      ],
      "TACAN": "",
      "ICAO": "HECA",
      "elevation": "393"
    },
    "Kedem": {
      "runways": [
        {
          "headings": [
            {
              "28": {
                "magHeading": "278",
                "Heading": "283",
                "ILS": ""
              }
            },
            {
              "10": {
                "magHeading": "98",
                "Heading": "103",
                "ILS": ""
              }
            }
          ],
          "length": "5506"
        }
      ],
      "TACAN": "",
      "ICAO": "",
      "elevation": "634"
    },
    "Cairo West": {
      "runways": [
        {
          "headings": [
            {
              "34R": {
                "magHeading": "342",
                "Heading": "347",
                "ILS": ""
              }
            },
            {
              "16L": {
                "magHeading": "162",
                "Heading": "167",
                "ILS": ""
              }
            }
          ],
          "length": "11307"
        },
        {
          "headings": [
            {
              "28": {
                "magHeading": "282",
                "Heading": "287",
                "ILS": ""
              }
            },
            {
              "10": {
                "magHeading": "102",
                "Heading": "107",
                "ILS": ""
              }
            }
          ],
          "length": "9843"
        },
        {
          "headings": [
            {
              "16R": {
                "magHeading": "342",
                "Heading": "347",
                "ILS": ""
              }
            },
            {
              "34L": {
                "magHeading": "162",
                "Heading": "167",
                "ILS": ""
              }
            }
          ],
          "length": "9536"
        }
      ],
      "TACAN": "0X",
      "ICAO": "HECW",
      "elevation": "439"
    }
  }
}