{
  "airfields": {
    "Abu al-Duhur": {
      "ICAO": "OS57",
      "elevation": "820",
      "TACAN": "",
      "runways": [
        {
          "headings": [
            {
              "27": {
                "magHeading": "268",
                "ILS": ""
              },
              "09": {
                "magHeading": "088",
                "ILS": ""
              }
            }
          ],
          "length": "9200"
        }
      ]
    },
    "Adana Sakirpasa": {
      "ICAO": "LTAF",
      "elevation": "56",
      "TACAN": "",
      "runways": [
        {
          "headings": [
            {
              "23": {
                "magHeading": "230",
                "ILS": ""
              },
              "05": {
                "magHeading": "050",
                "ILS": "108.70"
              }
            }
          ],
          "length": "8800"
        }
      ]
    },
    "Akrotiri": {
      "ICAO": "LCRA",
      "elevation": "69",
      "TACAN": "107X",
      "runways": [
        {
          "headings": [
            {
              "10": {
                "magHeading": "106",
                "ILS": ""
              },
              "28": {
                "magHeading": "286",
                "ILS": "109.70"
              }
            }
          ],
          "length": "8800"
        }
      ]
    },
    "Al Qusayr": {
      "ICAO": "OS70",
      "elevation": "1729",
      "TACAN": "",
      "runways": [
        {
          "headings": [
            {
              "10": {
                "magHeading": "096",
                "ILS": ""
              },
              "28": {
                "magHeading": "276",
                "ILS": ""
              }
            }
          ],
          "length": "9500"
        }
      ]
    },
    "Al-Dumayr": {
      "ICAO": "OS61",
      "elevation": "2067",
      "TACAN": "",
      "runways": [
        {
          "headings": [
            {
              "24": {
                "magHeading": "240",
                "ILS": ""
              },
              "06": {
                "magHeading": "060",
                "ILS": ""
              }
            }
          ],
          "length": "9500"
        }
      ]
    },
    "Aleppo": {
      "ICAO": "OSAP",
      "elevation": "1254",
      "TACAN": "",
      "runways": [
        {
          "headings": [
            {
              "27": {
                "magHeading": "272",
                "ILS": ""
              },
              "09": {
                "magHeading": "092",
                "ILS": ""
              }
            }
          ],
          "length": "9200"
        }
      ]
    },
    "An Nasiriyah": {
      "ICAO": "OSAP",
      "elevation": "1254",
      "TACAN": "",
      "runways": [
        {
          "headings": [
            {
              "27": {
                "magHeading": "272",
                "ILS": ""
              },
              "09": {
                "magHeading": "092",
                "ILS": ""
              }
            }
          ],
          "length": "9200"
        }
      ]
    },
    "At Tanf": {
      "ICAO": "",
      "elevation": "2329",
      "TACAN": "",
      "runways": []
    },
    "Bassel Al-Assad": {
      "ICAO": "OSLK",
      "elevation": "92",
      "TACAN": "",
      "runways": [
        {
          "headings": [
            {
              "17L": {
                "magHeading": "173",
                "ILS": ""
              },
              "35R": {
                "magHeading": "353",
                "ILS": ""
              }
            }
          ],
          "length": "7900"
        },
        {
          "headings": [
            {
              "17R": {
                "magHeading": "173",
                "ILS": "109.10"
              },
              "35L": {
                "magHeading": "353",
                "ILS": ""
              }
            }
          ],
          "length": "8900"
        }
      ]
    },
    "Beirut-Rafic Hariri": {
      "ICAO": "OLBA",
      "elevation": "39",
      "TACAN": "",
      "runways": [
        {
          "headings": [
            {
              "16": {
                "magHeading": "164",
                "ILS": "110.10"
              },
              "34": {
                "magHeading": "344",
                "ILS": ""
              }
            }
          ],
          "length": "10300"
        },
        {
          "headings": [
            {
              "17": {
                "magHeading": "174",
                "ILS": "109.50"
              },
              "35": {
                "magHeading": "354",
                "ILS": ""
              }
            }
          ],
          "length": "7600"
        },
        {
          "headings": [
            {
              "21": {
                "magHeading": "210",
                "ILS": ""
              },
              "03": {
                "magHeading": "030",
                "ILS": "110.70"
              }
            }
          ],
          "length": "7000"
        }
      ]
    },
    "Damascus": {
      "ICAO": "OSDI",
      "elevation": "2008",
      "TACAN": "",
      "runways": [
        {
          "headings": [
            {
              "05L": {
                "magHeading": "045",
                "ILS": ""
              },
              "23R": {
                "magHeading": "225",
                "ILS": "109.90"
              }
            }
          ],
          "length": "11600"
        },
        {
          "headings": [
            {
              "05R": {
                "magHeading": "045",
                "ILS": "111.10"
              },
              "23L": {
                "magHeading": "225",
                "ILS": ""
              }
            }
          ],
          "length": "11600"
        }
      ]
    },
    "Deir ez-Zor": {
      "ICAO": "OSDZ",
      "elevation": "713",
      "TACAN": "",
      "runways": [
        {
          "headings": [
            {
              "10": {
                "magHeading": "104",
                "ILS": ""
              },
              "28": {
                "magHeading": "284",
                "ILS": ""
              }
            }
          ],
          "length": "9500"
        }
      ]
    },
    "Ercan": {
      "ICAO": "LCEN",
      "elevation": "312",
      "TACAN": "",
      "runways": [
        {
          "headings": [
            {
              "11": {
                "magHeading": "110",
                "ILS": ""
              },
              "29": {
                "magHeading": "290",
                "ILS": "108.30"
              }
            }
          ],
          "length": "8700"
        }
      ]
    },
    "Eyn Shemer": {
      "ICAO": "LLES",
      "elevation": "110",
      "TACAN": "",
      "runways": [
        {
          "headings": [
            {
              "27": {
                "magHeading": "2750",
                "ILS": ""
              },
              "09": {
                "magHeading": "095",
                "ILS": ""
              }
            }
          ],
          "length": "4000"
        }
      ]
    },
    "Gaziantep": {
      "ICAO": "LTAJ",
      "elevation": "2290",
      "TACAN": "",
      "runways": [
        {
          "headings": [
            {
              "10": {
                "magHeading": "100",
                "ILS": ""
              },
              "28": {
                "magHeading": "280",
                "ILS": "109.10"
              }
            }
          ],
          "length": "9100"
        }
      ]
    },
    "Gazipasa": {
      "ICAO": "LTFG",
      "elevation": "130",
      "TACAN": "",
      "runways": [
        {
          "headings": [
            {
              "26": {
                "magHeading": "260",
                "ILS": ""
              },
              "08": {
                "magHeading": "080",
                "ILS": "108.50"
              }
            }
          ],
          "length": "7500"
        }
      ]
    },
    "Gecitkale": {
      "ICAO": "LCGK",
      "elevation": "148",
      "TACAN": "",
      "runways": [
        {
          "headings": [
            {
              "27": {
                "magHeading": "268",
                "ILS": ""
              },
              "09": {
                "magHeading": "088",
                "ILS": "108.50"
              }
            }
          ],
          "length": "9100"
        }
      ]
    },
    "H3": {
      "ICAO": "",
      "elevation": "2583",
      "TACAN": "",
      "runways": [
        {
          "headings": [
            {
              "11": {
                "magHeading": "107",
                "ILS": ""
              },
              "29": {
                "magHeading": "287",
                "ILS": ""
              }
            }
          ],
          "length": "9500"
        },
        {
          "headings": [
            {
              "24": {
                "magHeading": "239",
                "ILS": ""
              },
              "06": {
                "magHeading": "059",
                "ILS": ""
              }
            }
          ],
          "length": "9800"
        }
      ]
    },
    "H3 Northwest": {
      "ICAO": "",
      "elevation": "2582",
      "TACAN": "",
      "runways": [
        {
          "headings": [
            {
              "12": {
                "magHeading": "117",
                "ILS": ""
              },
              "30": {
                "magHeading": "297",
                "ILS": ""
              }
            }
          ],
          "length": "8000"
        }
      ]
    },
    "H3 Southwest": {
      "ICAO": "",
      "elevation": "2671",
      "TACAN": "",
      "runways": [
        {
          "headings": [
            {
              "12": {
                "magHeading": "116",
                "ILS": ""
              },
              "30": {
                "magHeading": "296",
                "ILS": ""
              }
            }
          ],
          "length": "8000"
        }
      ]
    },
    "H4": {
      "ICAO": "OJHR",
      "elevation": "2257",
      "TACAN": "",
      "runways": [
        {
          "headings": [
            {
              "10": {
                "magHeading": "098",
                "ILS": ""
              },
              "28": {
                "magHeading": "278",
                "ILS": ""
              }
            }
          ],
          "length": "8000"
        }
      ]
    },
    "Haifa": {
      "ICAO": "LLHA",
      "elevation": "20",
      "TACAN": "",
      "runways": [
        {
          "headings": [
            {
              "16": {
                "magHeading": "157",
                "ILS": ""
              },
              "34": {
                "magHeading": "337",
                "ILS": ""
              }
            }
          ],
          "length": "3300"
        }
      ]
    },
    "Hama": {
      "ICAO": "OS58",
      "elevation": "984",
      "TACAN": "",
      "runways": [
        {
          "headings": [
            {
              "27": {
                "magHeading": "275",
                "ILS": ""
              },
              "09": {
                "magHeading": "095",
                "ILS": ""
              }
            }
          ],
          "length": "8600"
        }
      ]
    },
    "Hatay": {
      "ICAO": "LTDA",
      "elevation": "253",
      "TACAN": "",
      "runways": [
        {
          "headings": [
            {
              "22": {
                "magHeading": "219",
                "ILS": ""
              },
              "04": {
                "magHeading": "039",
                "ILS": "108.90"
              }
            }
          ],
          "length": "9600"
        }
      ]
    },
    "Incirlik": {
      "ICAO": "LTAG",
      "elevation": "230",
      "TACAN": "21X",
      "runways": [
        {
          "headings": [
            {
              "23": {
                "magHeading": "229",
                "ILS": "111.70"
              },
              "05": {
                "magHeading": "049",
                "ILS": "109.30"
              }
            }
          ],
          "length": "9500"
        }
      ]
    },
    "Jirah": {
      "ICAO": "OS62",
      "elevation": "1173",
      "TACAN": "",
      "runways": [
        {
          "headings": [
            {
              "10": {
                "magHeading": "095",
                "ILS": ""
              },
              "28": {
                "magHeading": "275",
                "ILS": ""
              }
            }
          ],
          "length": "9600"
        }
      ]
    },
    "Khalkhalah": {
      "ICAO": "OS69",
      "elevation": "2418",
      "TACAN": "",
      "runways": [
        {
          "headings": [
            {
              "15": {
                "magHeading": "146",
                "ILS": ""
              },
              "33": {
                "magHeading": "326",
                "ILS": ""
              }
            }
          ],
          "length": "8300"
        },
        {
          "headings": [
            {
              "25": {
                "magHeading": "251",
                "ILS": ""
              },
              "07": {
                "magHeading": "071",
                "ILS": ""
              }
            }
          ],
          "length": "9500"
        }
      ]
    },
    "Kharab Ishk": {
      "ICAO": "",
      "elevation": "1416",
      "TACAN": "",
      "runways": []
    },
    "King Hussein Air College": {
      "ICAO": "OJMF",
      "elevation": "2205",
      "TACAN": "",
      "runways": [
        {
          "headings": [
            {
              "13": {
                "magHeading": "127",
                "ILS": ""
              },
              "31": {
                "magHeading": "307",
                "ILS": ""
              }
            }
          ],
          "length": "9500"
        }
      ]
    },
    "Kingsfield": {
      "ICAO": "LCRE",
      "elevation": "276",
      "TACAN": "",
      "runways": [
        {
          "headings": [
            {
              "24": {
                "magHeading": "238",
                "ILS": ""
              },
              "06": {
                "magHeading": "058",
                "ILS": ""
              }
            }
          ],
          "length": "3300"
        }
      ]
    },
    "Kiryat Shmona": {
      "ICAO": "LLKS",
      "elevation": "360",
      "TACAN": "",
      "runways": [
        {
          "headings": [
            {
              "21": {
                "magHeading": "213",
                "ILS": ""
              },
              "03": {
                "magHeading": "033",
                "ILS": ""
              }
            }
          ],
          "length": "3500"
        }
      ]
    },
    "Kuweires": {
      "ICAO": "OS66",
      "elevation": "1201",
      "TACAN": "",
      "runways": [
        {
          "headings": [
            {
              "10": {
                "magHeading": "095",
                "ILS": ""
              },
              "28": {
                "magHeading": "275",
                "ILS": ""
              }
            }
          ],
          "length": "7700"
        }
      ]
    },
    "Lakatamia": {
      "ICAO": "",
      "elevation": "758",
      "TACAN": "",
      "runways": []
    },
    "Larnaca": {
      "ICAO": "LCRE",
      "elevation": "16",
      "TACAN": "",
      "runways": [
        {
          "headings": [
            {
              "22": {
                "magHeading": "223",
                "ILS": "110.30"
              },
              "04": {
                "magHeading": "043",
                "ILS": ""
              }
            }
          ],
          "length": "8800"
        }
      ]
    },
    "London": {
      "ICAO": "",
      "elevation": "",
      "TACAN": "",
      "runways": []
    },
    "Marj as Sultan North": {
      "ICAO": "",
      "elevation": "2008",
      "TACAN": "",
      "runways": []
    },
    "Marj as Sultan South": {
      "ICAO": "",
      "elevation": "2008",
      "TACAN": "",
      "runways": []
    },
    "Marj Ruhayyil": {
      "ICAO": "OS63",
      "elevation": "2161",
      "TACAN": "",
      "runways": [
        {
          "headings": [
            {
              "06L": {
                "magHeading": "059",
                "ILS": ""
              },
              "24R": {
                "magHeading": "239",
                "ILS": ""
              }
            }
          ],
          "length": "9400"
        },
        {
          "headings": [
            {
              "06R": {
                "magHeading": "059",
                "ILS": ""
              },
              "24L": {
                "magHeading": "239",
                "ILS": ""
              }
            }
          ],
          "length": "8400"
        }
      ]
    },
    "Megiddo": {
      "ICAO": "LLMG",
      "elevation": "180",
      "TACAN": "",
      "runways": [
        {
          "headings": [
            {
              "27": {
                "magHeading": "268",
                "ILS": ""
              },
              "09": {
                "magHeading": "088",
                "ILS": ""
              }
            }
          ],
          "length": "6200"
        }
      ]
    },
    "Mezzeh": {
      "ICAO": "OS67",
      "elevation": "2387",
      "TACAN": "",
      "runways": [
        {
          "headings": [
            {
              "24": {
                "magHeading": "236",
                "ILS": ""
              },
              "06": {
                "magHeading": "056",
                "ILS": ""
              }
            }
          ],
          "length": "8800"
        }
      ]
    },
    "Minakh": {
      "ICAO": "OS71",
      "elevation": "1614",
      "TACAN": "",
      "runways": [
        {
          "headings": [
            {
              "10": {
                "magHeading": "096",
                "ILS": ""
              },
              "28": {
                "magHeading": "276",
                "ILS": ""
              }
            }
          ],
          "length": "4500"
        }
      ]
    },
    "Naqoura": {
      "ICAO": "",
      "elevation": "381",
      "TACAN": "",
      "runways": []
    },
    "Nicosia": {
      "ICAO": "",
      "elevation": "722",
      "TACAN": "",
      "runways": [
        {
            "headings": [
                {
                  "09": {
                    "magHeading": "092",
                    "ILS": ""
                  },
                  "27": {
                    "magHeading": "272",
                    "ILS": ""
                  }
                }
            ],
            "length": "5791"
        },
        {
            "headings": [
                {
                  "14": {
                    "magHeading": "148",
                    "ILS": ""
                  },
                  "27": {
                    "magHeading": "228",
                    "ILS": ""
                  }
                }
            ],
            "length": "8385"
        }
      ]
    },
    "Palmyra": {
      "ICAO": "OSPR",
      "elevation": "1325",
      "TACAN": "",
      "runways": [
        {
          "headings": [
            {
              "26": {
                "magHeading": "259",
                "ILS": ""
              },
              "08": {
                "magHeading": "079",
                "ILS": ""
              }
            }
          ],
          "length": "9200"
        }
      ]
    },
    "Paphos": {
      "ICAO": "LCPH",
      "elevation": "40",
      "TACAN": "79X",
      "runways": [
        {
          "headings": [
            {
              "11": {
                "magHeading": "109",
                "ILS": ""
              },
              "29": {
                "magHeading": "289",
                "ILS": "108.90"
              }
            }
          ],
          "length": "8600"
        }
      ]
    },
    "Pinarbashi": {
      "ICAO": "",
      "elevation": "771",
      "TACAN": "",
      "runways": [
        {
          "headings": [
            {
              "16": {
                "magHeading": "167",
                "ILS": ""
              },
              "34": {
                "magHeading": "347",
                "ILS": ""
              }
            }
          ],
          "length": "3577"
        }
      ]
    },
    "Qabr as Sitt": {
      "ICAO": "",
      "elevation": "2135",
      "TACAN": "",
      "runways": []
    },
    "Ramat David": {
      "ICAO": "LLRD",
      "elevation": "146",
      "TACAN": "84X",
      "runways": [
        {
          "headings": [
            {
              "11": {
                "magHeading": "105",
                "ILS": ""
              },
              "29": {
                "magHeading": "285",
                "ILS": ""
              }
            }
          ],
          "length": "7700"
        },
        {
          "headings": [
            {
              "15": {
                "magHeading": "141",
                "ILS": ""
              },
              "33": {
                "magHeading": "321",
                "ILS": "111.10"
              }
            }
          ],
          "length": "7700"
        },
        {
          "headings": [
            {
              "27": {
                "magHeading": "264",
                "ILS": ""
              },
              "09": {
                "magHeading": "084",
                "ILS": ""
              }
            }
          ],
          "length": "7600"
        }
      ]
    },
    "Rayak": {
      "ICAO": "OLRA",
      "elevation": "3035",
      "TACAN": "",
      "runways": [
        {
          "headings": [
            {
              "22": {
                "magHeading": "222",
                "ILS": ""
              },
              "04": {
                "magHeading": "042",
                "ILS": ""
              }
            }
          ],
          "length": "9400"
        }
      ]
    },
    "Rene Mouawad": {
      "ICAO": "OLKA",
      "elevation": "23",
      "TACAN": "",
      "runways": [
        {
          "headings": [
            {
              "24": {
                "magHeading": "238",
                "ILS": ""
              },
              "06": {
                "magHeading": "058",
                "ILS": ""
              }
            }
          ],
          "length": "9000"
        }
      ]
    },
    "Rosh Pina": {
      "ICAO": "LLIB",
      "elevation": "914",
      "TACAN": "",
      "runways": [
        {
          "headings": [
            {
              "15": {
                "magHeading": "147",
                "ILS": ""
              },
              "33": {
                "magHeading": "327",
                "ILS": ""
              }
            }
          ],
          "length": "2900"
        },
        {
          "headings": [
            {
              "23": {
                "magHeading": "229",
                "ILS": ""
              },
              "05": {
                "magHeading": "049",
                "ILS": ""
              }
            }
          ],
          "length": "3200"
        }
      ]
    },
    "Ruwayshid": {
      "ICAO": "",
      "elevation": "2980",
      "TACAN": "",
      "runways": [
        {
          "headings": [
            {
              "27": {
                "magHeading": "271",
                "ILS": ""
              },
              "09": {
                "magHeading": "091",
                "ILS": ""
              }
            }
          ],
          "length": "7000"
        }
      ]
    },
    "Sanliurfa": {
      "ICAO": "LTCS",
      "elevation": "2703",
      "TACAN": "",
      "runways": [
        {
          "headings": [
            {
              "22": {
                "magHeading": "216",
                "ILS": ""
              },
              "04": {
                "magHeading": "036",
                "ILS": ""
              }
            }
          ],
          "length": "12900"
        }
      ]
    },
    "Sayqal": {
      "ICAO": "OS68",
      "elevation": "2274",
      "TACAN": "",
      "runways": [
        {
          "headings": [
            {
              "23": {
                "magHeading": "235",
                "ILS": ""
              },
              "05": {
                "magHeading": "055",
                "ILS": ""
              }
            }
          ],
          "length": "7600"
        },
        {
          "headings": [
            {
              "26": {
                "magHeading": "265",
                "ILS": ""
              },
              "08": {
                "magHeading": "085",
                "ILS": ""
              }
            }
          ],
          "length": "9500"
        }
      ]
    },
    "Shayrat": {
      "ICAO": "OS65",
      "elevation": "2638",
      "TACAN": "",
      "runways": [
        {
          "headings": [
            {
              "11": {
                "magHeading": "107",
                "ILS": ""
              },
              "29": {
                "magHeading": "287",
                "ILS": ""
              }
            }
          ],
          "length": "9300"
        }
      ]
    },
    "Tabqa": {
      "ICAO": "OS59",
      "elevation": "1099",
      "TACAN": "",
      "runways": [
        {
          "headings": [
            {
              "27": {
                "magHeading": "268",
                "ILS": ""
              },
              "09": {
                "magHeading": "088",
                "ILS": ""
              }
            }
          ],
          "length": "9300"
        }
      ]
    },
    "Taftanaz": {
      "ICAO": "",
      "elevation": "",
      "TACAN": "",
      "runways": []
    },
    "Tal Siman": {
      "ICAO": "",
      "elevation": "",
      "TACAN": "",
      "runways": []
    },
    "Tha'lah": {
      "ICAO": "OS60",
      "elevation": "2414",
      "TACAN": "",
      "runways": [
        {
          "headings": [
            {
              "23": {
                "magHeading": "233",
                "ILS": ""
              },
              "05": {
                "magHeading": "053",
                "ILS": ""
              }
            }
          ],
          "length": "9500"
        }
      ]
    },
    "Tiyas": {
      "ICAO": "OS72",
      "elevation": "1798",
      "TACAN": "",
      "runways": [
        {
          "headings": [
            {
              "27": {
                "magHeading": "265",
                "ILS": ""
              },
              "09": {
                "magHeading": "085",
                "ILS": ""
              }
            }
          ],
          "length": "9500"
        }
      ]
    },
    "Wujah Al Hajar": {
      "ICAO": "Z190",
      "elevation": "641",
      "TACAN": "",
      "runways": [
        {
          "headings": [
            {
              "20": {
                "magHeading": "204",
                "ILS": ""
              },
              "02": {
                "magHeading": "024",
                "ILS": ""
              }
            }
          ],
          "length": "4800"
        }
      ]
    }
  }
}