{
  "AGGRESSORS": {
    "flagCode": "RED",
    "liveryCodes": [
      "RSO"
    ]
  },
  "INSURGENTS": {
    "flagCode": "UNK",
    "liveryCodes": [
      "INS"
    ]
  },
  "ALGERIA": {
    "flagCode": "DZ",
    "liveryCodes": [
      "DZA"
    ]
  },
  "ARGENTINA": {
    "flagCode": "AR",
    "liveryCodes": [
      "ARG"
    ]
  },
  "AUSTRALIA": {
    "flagCode": "AU",
    "liveryCodes": [
      "AUS",
      "AUSAF"
    ]
  },
  "AUSTRIA": {
    "flagCode": "AT",
    "liveryCodes": [
      "AUT"
    ]
  },
  "BAHRAIN": {
    "flagCode": "BH",
    "liveryCodes": [
      "BHR"
    ]
  },
  "BELARUS": {
    "flagCode": "BY",
    "liveryCodes": [
      "BLR"
    ]
  },
  "BELGIUM": {
    "flagCode": "BE",
    "liveryCodes": [
      "BEL"
    ]
  },
  "BOLIVIA": {
    "flagCode": "BO",
    "liveryCodes": [
      "BOL"
    ]
  },
  "BRAZIL": {
    "flagCode": "BR",
    "liveryCodes": [
      "BRA"
    ]
  },
  "BULGARIA": {
    "flagCode": "BG",
    "liveryCodes": [
      "BGR"
    ]
  },
  "CANADA": {
    "flagCode": "CA",
    "liveryCodes": [
      "CAN"
    ]
  },
  "CHILE": {
    "flagCode": "CL",
    "liveryCodes": [
      "CHL"
    ]
  },
  "CHINA": {
    "flagCode": "CN",
    "liveryCodes": [
      "CHN"
    ]
  },
  "CROATIA": {
    "flagCode": "HR",
    "liveryCodes": [
      "HRV"
    ]
  },
  "CUBA": {
    "flagCode": "CU",
    "liveryCodes": [
      "CUB"
    ]
  },
  "CYPRUS": {
    "flagCode": "CY",
    "liveryCodes": [
      "CYP"
    ]
  },
  "CHEZH_REPUBLIC": {
    "displayName": "Czech Republic",
    "flagCode": "CZ",
    "liveryCodes": [
      "CZE"
    ]
  },
  "DENMARK": {
    "flagCode": "DK",
    "liveryCodes": [
      "DEN"
    ]
  },
  "EGYPT": {
    "flagCode": "EG",
    "liveryCodes": [
      "EGY",
      "EGP"
    ]
  },
  "ETHIOPIA": {
    "flagCode": "ET",
    "liveryCodes": [
      "ETH"
    ]
  },
  "FINLAND": {
    "flagCode": "FI",
    "liveryCodes": [
      "FIN"
    ]
  },
  "FRANCE": {
    "flagCode": "FR",
    "liveryCodes": [
      "FRA"
    ]
  },
  "GEORGIA": {
    "flagCode": "GE",
    "liveryCodes": [
      "GRG"
    ]
  },
  "GERMANY": {
    "flagCode": "DE",
    "liveryCodes": [
      "GER"
    ]
  },
  "GHANA": {
    "flagCode": "GH",
    "liveryCodes": [
      "GHA"
    ]
  },
  "GREECE": {
    "flagCode": "GR",
    "liveryCodes": [
      "GRC"
    ]
  },
  "HONDURAS": {
    "flagCode": "HN",
    "liveryCodes": [
      "HND"
    ]
  },
  "HUNGARY": {
    "flagCode": "HU",
    "liveryCodes": [
      "HUN"
    ]
  },
  "INDIA": {
    "flagCode": "IN",
    "liveryCodes": [
      "IND"
    ]
  },
  "INDONESIA": {
    "flagCode": "ID",
    "liveryCodes": [
      "IDN"
    ]
  },
  "IRAN": {
    "flagCode": "IR",
    "liveryCodes": [
      "IRN"
    ]
  },
  "IRAQ": {
    "flagCode": "IQ",
    "liveryCodes": [
      "IRQ"
    ]
  },
  "ISRAEL": {
    "flagCode": "IL",
    "liveryCodes": [
      "ISR"
    ]
  },
  "ITALY": {
    "flagCode": "IT",
    "liveryCodes": [
      "ITA"
    ]
  },
  "JAPAN": {
    "flagCode": "JP",
    "liveryCodes": [
      "JPN"
    ]
  },
  "JORDAN": {
    "flagCode": "JO",
    "liveryCodes": [
      "JOR"
    ]
  },
  "KAZAKHSTAN": {
    "flagCode": "KZ",
    "liveryCodes": [
      "KAZ"
    ]
  },
  "SOUTH_KOREA": {
    "displayName": "South Korea",
    "flagCode": "KR",
    "liveryCodes": [
      "KOR"
    ]
  },
  "KUWAIT": {
    "flagCode": "KW",
    "liveryCodes": [
      "KWT"
    ]
  },
  "LEBANON": {
    "flagCode": "LB",
    "liveryCodes": [
      "LBN"
    ]
  },
  "MALAYSIA": {
    "flagCode": "MY",
    "liveryCodes": [
      "MYS"
    ]
  },
  "MEXICO": {
    "flagCode": "MX",
    "liveryCodes": [
      "MEX"
    ]
  },
  "MOROCCO": {
    "flagCode": "MA",
    "liveryCodes": [
      "MAR"
    ]
  },
  "THE_NETHERLANDS": {
    "displayName": "The Netherlands",
    "flagCode": "NL",
    "liveryCodes": [
      "NETH"
    ]
  },
  "NIGERIA": {
    "flagCode": "NG",
    "liveryCodes": [
      "NGA"
    ]
  },
  "NORWAY": {
    "flagCode": "NO",
    "liveryCodes": [
      "NOR"
    ]
  },
  "OMAN": {
    "flagCode": "OM",
    "liveryCodes": [
      "OMN"
    ]
  },
  "PAKISTAN": {
    "flagCode": "PK",
    "liveryCodes": [
      "PAK"
    ]
  },
  "PERU": {
    "flagCode": "PE",
    "liveryCodes": [
      "PER"
    ]
  },
  "PHILIPPINES": {
    "flagCode": "PH",
    "liveryCodes": [
      "PHL"
    ]
  },
  "POLAND": {
    "flagCode": "PL",
    "liveryCodes": [
      "POL"
    ]
  },
  "PORTUGAL": {
    "flagCode": "PT",
    "liveryCodes": [
      "PRT"
    ]
  },
  "QATAR": {
    "flagCode": "QA",
    "liveryCodes": [
      "QAT"
    ]
  },
  "ROMANIA": {
    "flagCode": "RO",
    "liveryCodes": [
      "ROU"
    ]
  },
  "RUSSIA": {
    "flagCode": "RU",
    "liveryCodes": [
      "RUS"
    ]
  },
  "SAUDI_ARABIA": {
    "displayName": "Saudi Arabia",
    "flagCode": "SA",
    "liveryCodes": [
      "SAU"
    ]
  },
  "SERBIA": {
    "flagCode": "RS",
    "liveryCodes": [
      "SRB"
    ]
  },
  "SLOVAKIA": {
    "flagCode": "SK",
    "liveryCodes": [
      "SVK"
    ]
  },
  "SLOVENIA": {
    "flagCode": "SI",
    "liveryCodes": [
      "SVN"
    ]
  },
  "SOUTH_AFRICA": {
    "displayName": "South Africa",
    "flagCode": "ZA",
    "liveryCodes": []
  },
  "SPAIN": {
    "flagCode": "ES",
    "liveryCodes": [
      "SPN",
      "SPA"
    ]
  },
  "SUDAN": {
    "flagCode": "SD",
    "liveryCodes": [
      "SDN",
      "SUN"
    ]
  },
  "SWEDEN": {
    "flagCode": "SE",
    "liveryCodes": [
      "SWE"
    ]
  },
  "SWITZERLAND": {
    "flagCode": "CH",
    "liveryCodes": [
      "SUI"
    ]
  },
  "SYRIA": {
    "flagCode": "SY",
    "liveryCodes": [
      "SYR"
    ]
  },
  "THAILAND": {
    "flagCode": "TH",
    "liveryCodes": [
      "THA"
    ]
  },
  "TUNISIA": {
    "flagCode": "TN",
    "liveryCodes": [
      "TUN"
    ]
  },
  "TURKEY": {
    "flagCode": "TR",
    "liveryCodes": [
      "TUR"
    ]
  },
  "UKRAINE": {
    "flagCode": "UA",
    "liveryCodes": [
      "UKR"
    ]
  },
  "UNITED_ARAB_EMIRATES": {
    "displayName": "United Arab Emirates",
    "flagCode": "AE",
    "liveryCodes": [
      "ARE"
    ]
  },
  "UK": {
    "displayName": "United Kingdom",
    "flagCode": "GB",
    "liveryCodes": [
      "UK"
    ]
  },
  "USA": {
    "displayName": "United States of America",
    "flagCode": "US",
    "liveryCodes": [
      "USA",
      "USAF"
    ]
  },
  "VENEZUELA": {
    "flagCode": "VE",
    "liveryCodes": [
      "VEN"
    ]
  },
  "VIETNAM": {
    "flagCode": "VN",
    "liveryCodes": [
      "VNM"
    ]
  },
  "YEMEN": {
    "flagCode": "YE",
    "liveryCodes": [
      "YEM"
    ]
  },
  "CJTF_BLUE": {
    "displayName": "Combined Joint Task Force Blue",
    "flagCode": "BLUE",
    "liveryCodes": [
      "BLUE"
    ]
  },
  "SOUTH_OSETIA": {
    "displayName": "South Ossetia",
    "flagCode": "UNK",
    "liveryCodes": []
  },
  "NORTH_KOREA": {
    "displayName": "Democratic People's Republic of Korea",
    "flagCode": "KP",
    "liveryCodes": [
      "PRK"
    ]
  },
  "CJTF_RED": {
    "displayName": "Combined Joint Task Force Red",
    "flagCode": "RED",
    "liveryCodes": [
      "RED"
    ]
  },
  "ABKHAZIA": {
    "flagCode": "UNK",
    "liveryCodes": [
      "ABH"
    ]
  },
  "ITALIAN_SOCIAL_REPUBLIC": {
    "displayName": "Italian Social Republic",
    "flagCode": "SOCIAL",
    "liveryCodes": [
      "RSI"
    ]
  },
  "USSR": {
    "displayName": "USSR",
    "flagCode": "USSR",
    "liveryCodes": []
  },
  "ECUADOR": {
    "flagCode": "EC",
    "liveryCodes": [
      "ECU"
    ]
  },
  "LIBYA": {
    "flagCode": "LY",
    "liveryCodes": [
      "LBY",
      "LIB"
    ]
  },
  "UN_PEACEKEEPERS": {
    "displayName": "United Nations",
    "flagCode": "UNK",
    "liveryCodes": [
      "UN"
    ]
  },
  "GDR": {
    "flagCode": "UNK",
    "liveryCodes": [
      "GDR"
    ]
  },
  "YUGOSLAVIA": {
    "flagCode": "YUG",
    "liveryCodes": [
      "YUG"
    ]
  },
  "THIRDREICH": {
    "displayName": "Third Reich",
    "flagCode": "THIRD",
    "liveryCodes": []
  }
}