{
	"CVN_71": {
		"name": "CVN_71",
		"coalition": "blue",
		"type": "Aircraft Carrier",
		"era": "Late Cold War",
		"label": "CVN-71 Theodore Roosevelt",
		"shortLabel": "CVN-71",
		"range": "Short",
		"filename": "",
		"enabled": true,
		"acquisitionRange": 50000,
		"engagementRange": 25000,
		"tags": "",
		"description": "",
		"abilities": "",
		"canTargetPoint": false,
		"canRearm": false
	},
	"CVN_72": {
		"name": "CVN_72",
		"coalition": "blue",
		"type": "Aircraft Carrier",
		"era": "Late Cold War",
		"label": "CVN-72 Abraham Lincoln",
		"shortLabel": "CVN-72",
		"range": "Short",
		"filename": "",
		"enabled": true,
		"acquisitionRange": 50000,
		"engagementRange": 25000,
		"tags": "",
		"description": "",
		"abilities": "",
		"canTargetPoint": false,
		"canRearm": false
	},
	"CVN_73": {
		"name": "CVN_73",
		"coalition": "blue",
		"type": "Aircraft Carrier",
		"era": "Late Cold War",
		"label": "CVN-73 George Washington",
		"shortLabel": "CVN-73",
		"range": "Medium",
		"filename": "",
		"enabled": true,
		"acquisitionRange": 50000,
		"engagementRange": 25000,
		"tags": "",
		"description": "",
		"abilities": "",
		"canTargetPoint": false,
		"canRearm": false
	},
	"CVN_75": {
		"name": "CVN_75",
		"coalition": "blue",
		"type": "Aircraft Carrier",
		"era": "Late Cold War",
		"label": "CVN-75 Harry S. Truman",
		"shortLabel": "CVN-75",
		"range": "Medium",
		"filename": "",
		"enabled": true,
		"liveries": {
			"autumn": {
				"name": "Autumn",
				"countries": "All"
			},
			"winter": {
				"name": "Winter",
				"countries": "All"
			},
			"summer": {
				"name": "Summer",
				"countries": "All"
			},
			"spring": {
				"name": "Spring",
				"countries": "All"
			},
			"desert": {
				"name": "Desert",
				"countries": "All"
			}
		},
		"acquisitionRange": 50000,
		"engagementRange": 25000,
		"tags": "",
		"description": "",
		"abilities": "",
		"canTargetPoint": false,
		"canRearm": false
	},
	"CV_1143_5": {
		"name": "CV_1143_5",
		"coalition": "red",
		"type": "Aircraft Carrier",
		"era": "Modern",
		"label": "Admiral Kuznetsov (2017)",
		"shortLabel": "Admiral Kuznetsov",
		"range": "Medium",
		"filename": "",
		"enabled": true,
		"acquisitionRange": 25000,
		"engagementRange": 12000,
		"tags": "",
		"description": "Admiral Kuznetsov. Conventional STOBAR carrier",
		"abilities": "",
		"canTargetPoint": false,
		"canRearm": false
	},
	"CastleClass_01": {
		"name": "CastleClass_01",
		"coalition": "blue",
		"type": "Combatants",
		"era": "Late Cold War",
		"label": "HMS Leeds Castle (P-258)",
		"shortLabel": "HMS Leeds Castle (P-258)",
		"range": "",
		"filename": "",
		"enabled": true,
		"liveries": {
			"dumbarton": {
				"name": "Dumbarton",
				"countries": "All"
			}
		},
		"acquisitionRange": 25000,
		"engagementRange": 3000,
		"tags": "",
		"description": "",
		"abilities": "",
		"canTargetPoint": true,
		"canRearm": false
	},
	"HandyWind": {
		"name": "HandyWind",
		"coalition": "blue",
		"type": "Cargo/Transport",
		"era": "Late Cold War",
		"label": "Bulker Handy Wind",
		"shortLabel": "Bulker Handy Wind",
		"range": "",
		"filename": "",
		"enabled": true,
		"liveries": {
			"noname": {
				"name": "NoName",
				"countries": "All"
			},
			"handy_wind": {
				"name": "Handy Wind",
				"countries": "All"
			},
			"baltic_cove": {
				"name": "Baltic Cove",
				"countries": "All"
			},
			"baltic_wind": {
				"name": "Baltic Wind",
				"countries": "All"
			}
		},
		"acquisitionRange": 0,
		"engagementRange": 0,
		"tags": "",
		"description": "",
		"abilities": "",
		"canTargetPoint": false,
		"canRearm": false
	},
	"HarborTug": {
		"name": "HarborTug",
		"coalition": "",
		"type": "Cargo/Transport",
		"era": "Mid Cold War",
		"label": "Harbor Tug",
		"shortLabel": "Harbor Tug",
		"range": "",
		"filename": "",
		"enabled": true,
		"liveries": {
			"harbor tug blue": {
				"name": "Harbor Tug Blue",
				"countries": "All"
			},
			"harbor tug red": {
				"name": "Harbor Tug Red",
				"countries": "All"
			},
			"harbor tug black": {
				"name": "Harbor Tug Black",
				"countries": "All"
			},
			"harbor tug green": {
				"name": "Harbor Tug Green",
				"countries": "All"
			}
		},
		"acquisitionRange": 0,
		"engagementRange": 0,
		"tags": "",
		"description": "",
		"abilities": "",
		"canTargetPoint": false,
		"canRearm": false
	},
	"LHA_Tarawa": {
		"name": "LHA_Tarawa",
		"coalition": "blue",
		"type": "Aircraft Carrier",
		"era": "Mid Cold War",
		"label": "LHA-1 Tarawa",
		"shortLabel": "LHA-1 Tarawa",
		"range": "Short",
		"filename": "",
		"enabled": true,
		"acquisitionRange": 150000,
		"engagementRange": 20000,
		"tags": "",
		"description": "",
		"abilities": "",
		"canTargetPoint": true,
		"canRearm": false
	},
	"La_Combattante_II": {
		"name": "La_Combattante_II",
		"coalition": "blue",
		"type": "Fast Attack Craft",
		"era": "Mid Cold War",
		"label": "FAC La Combattante lla",
		"shortLabel": "FAC La Combattante",
		"range": "",
		"filename": "",
		"enabled": true,
		"liveries": {
			"irn_217": {
				"name": "217",
				"countries": [
					"IRN"
				]
			},
			"syr_35": {
				"name": "35",
				"countries": [
					"SYR"
				]
			},
			"lib_521": {
				"name": "521",
				"countries": [
					"LIB"
				]
			},
			"grg_dioskuria": {
				"name": "Dioskuria",
				"countries": [
					"GRG"
				]
			},
			"grc_p77_plotarchis sakipis": {
				"name": "Plotarchis_Sakipis",
				"countries": [
					"GRC"
				]
			},
			"grc_p72_ypoploiarchos votsis": {
				"name": "Ypoploiarchos_Votsis",
				"countries": [
					"GRC"
				]
			},
			"egp_601": {
				"name": "601",
				"countries": [
					"EGP"
				]
			},
			"irn_215": {
				"name": "215",
				"countries": [
					"IRN"
				]
			},
			"ger_s50_panther": {
				"name": "S50_Panther",
				"countries": [
					"GER"
				]
			},
			"lib_520": {
				"name": "520",
				"countries": [
					"LIB"
				]
			},
			"grc_p73_antiploiarchos pezopoulos": {
				"name": "Antiploiarchos_Pezopoulos",
				"countries": [
					"GRC"
				]
			},
			"ger_s54_elster": {
				"name": "S54_Elster",
				"countries": [
					"GER"
				]
			},
			"ger_s58_pinguin": {
				"name": "S58_Pinguin",
				"countries": [
					"GER"
				]
			},
			"grc_p74_plotarchis vlachavas": {
				"name": "Plotarchis_Vlachavas",
				"countries": [
					"GRC"
				]
			},
			"ger_s52_storch": {
				"name": "S52_Storch",
				"countries": [
					"GER"
				]
			},
			"ger_s57_weihe": {
				"name": "S57_Weihe",
				"countries": [
					"GER"
				]
			},
			"egp_604": {
				"name": "604",
				"countries": [
					"EGP"
				]
			},
			"ger_s53_pelikan": {
				"name": "S53_Pelikan",
				"countries": [
					"GER"
				]
			},
			"lib_522": {
				"name": "522",
				"countries": [
					"LIB"
				]
			},
			"ger_s56_dommel": {
				"name": "S56_Dommel",
				"countries": [
					"GER"
				]
			},
			"irn_216": {
				"name": "216",
				"countries": [
					"IRN"
				]
			},
			"ger_s59_reiher": {
				"name": "S59_Reiher",
				"countries": [
					"GER"
				]
			},
			"lib_519": {
				"name": "519",
				"countries": [
					"LIB"
				]
			},
			"syr_34": {
				"name": "34",
				"countries": [
					"SYR"
				]
			},
			"irn_218": {
				"name": "218",
				"countries": [
					"IRN"
				]
			},
			"grc_p76_ypoploiarchos tournas": {
				"name": "Ypoploiarchos_Tournas",
				"countries": [
					"GRC"
				]
			},
			"grc_p75_plotarchis maridakis": {
				"name": "Plotarchis_Maridakis",
				"countries": [
					"GRC"
				]
			},
			"ger_s55_alk": {
				"name": "S55_Alk",
				"countries": [
					"GER"
				]
			},
			"grg_305": {
				"name": "305",
				"countries": [
					"GRG"
				]
			},
			"egp_602": {
				"name": "602",
				"countries": [
					"EGP"
				]
			},
			"irn_212": {
				"name": "212",
				"countries": [
					"IRN"
				]
			},
			"grg_304": {
				"name": "304",
				"countries": [
					"GRG"
				]
			},
			"irn_214": {
				"name": "214",
				"countries": [
					"IRN"
				]
			},
			"irn_219": {
				"name": "219",
				"countries": [
					"IRN"
				]
			},
			"syr_36": {
				"name": "36",
				"countries": [
					"SYR"
				]
			},
			"lib_518": {
				"name": "518",
				"countries": [
					"LIB"
				]
			},
			"egp_605": {
				"name": "605",
				"countries": [
					"EGP"
				]
			},
			"ger_s51_haher": {
				"name": "S51_Haher",
				"countries": [
					"GER"
				]
			},
			"egp_603": {
				"name": "603",
				"countries": [
					"EGP"
				]
			}
		},
		"acquisitionRange": 19000,
		"engagementRange": 4000,
		"tags": "",
		"description": "",
		"abilities": "",
		"canTargetPoint": true,
		"canRearm": false
	},
	"Seawise_Giant": {
		"name": "Seawise_Giant",
		"coalition": "blue",
		"type": "Cargo/Transport",
		"era": "Late Cold War",
		"label": "Seawise Giant (Tanker)",
		"shortLabel": "Seawise Giant",
		"range": "",
		"filename": "",
		"enabled": true,
		"acquisitionRange": 0,
		"engagementRange": 0,
		"tags": "",
		"description": "",
		"abilities": "",
		"canTargetPoint": false,
		"canRearm": false
	},
	"Ship_Tilde_Supply": {
		"name": "Ship_Tilde_Supply",
		"coalition": "blue",
		"type": "Cargo/Transport",
		"era": "Late Cold War",
		"label": "Supply Ship MV Tilde",
		"shortLabel": "Supply Ship Tilde",
		"range": "",
		"filename": "",
		"enabled": true,
		"acquisitionRange": 0,
		"engagementRange": 0,
		"tags": "",
		"description": "",
		"abilities": "",
		"canTargetPoint": false,
		"canRearm": false
	},
	"Stennis": {
		"name": "Stennis",
		"coalition": "blue",
		"type": "Aircraft Carrier",
		"era": "Late Cold War",
		"label": "CVN-74 John C. Stennis",
		"shortLabel": "CVN-74",
		"range": "Medium",
		"filename": "",
		"enabled": true,
		"acquisitionRange": 50000,
		"engagementRange": 25000,
		"tags": "",
		"description": "",
		"abilities": "",
		"canTargetPoint": true,
		"canRearm": false
	},
	"TICONDEROG": {
		"name": "TICONDEROG",
		"coalition": "blue",
		"type": "Combatants",
		"era": "Late Cold War",
		"label": "Ticonderoga Class (Cruiser)",
		"shortLabel": "Ticonderoga",
		"range": "Medium",
		"filename": "",
		"enabled": true,
		"liveries": {
			"vellagulf": {
				"name": "USS Vella Gulf CG-72",
				"countries": [
					"USA"
				]
			},
			"huecity": {
				"name": "USS Hue City CG-66",
				"countries": [
					"USA"
				]
			},
			"capestgeorge": {
				"name": "USS Cape St. George CG-71",
				"countries": [
					"USA"
				]
			},
			"lakeerie": {
				"name": "USS Lake Erie CG-70",
				"countries": [
					"USA"
				]
			},
			"chosin": {
				"name": "USS Chosin CG-65",
				"countries": [
					"USA"
				]
			},
			"normandy": {
				"name": "USS Normandy CG-60",
				"countries": [
					"USA"
				]
			},
			"portroyal": {
				"name": "USS Port Royal CG-73",
				"countries": [
					"USA"
				]
			},
			"shiloh": {
				"name": "USS Shiloh CG-67",
				"countries": [
					"USA"
				]
			},
			"viksburg": {
				"name": "USS Viksburg CG-69",
				"countries": [
					"USA"
				]
			},
			"anzio": {
				"name": "USS Anzio CG-68",
				"countries": [
					"USA"
				]
			}
		},
		"acquisitionRange": 150000,
		"engagementRange": 100000,
		"tags": "",
		"description": "",
		"abilities": "",
		"canTargetPoint": true,
		"canRearm": false
	},
	"Type_052B": {
		"name": "Type_052B",
		"coalition": "red",
		"type": "Combatants",
		"era": "Modern",
		"label": "Type 52B Guangzhou",
		"shortLabel": "Type 52B",
		"range": "Short",
		"filename": "",
		"enabled": true,
		"liveries": {
			"general": {
				"name": "General",
				"countries": "All"
			},
			"ddg-169": {
				"name": "DDG-169 Wuhan",
				"countries": [
					"CHN"
				]
			},
			"ddg-168": {
				"name": "DDG-168 Guangzhou",
				"countries": [
					"CHN"
				]
			}
		},
		"acquisitionRange": 100000,
		"engagementRange": 30000,
		"tags": "",
		"description": "",
		"abilities": "",
		"canTargetPoint": true,
		"canRearm": false
	},
	"Type_052C": {
		"name": "Type_052C",
		"coalition": "red",
		"type": "Combatants",
		"era": "Modern",
		"label": "Type 52C Haikou (Destroyer)",
		"shortLabel": "Type 52C",
		"range": "Short",
		"filename": "",
		"enabled": true,
		"liveries": {
			"ddg-171": {
				"name": "DDG-171 Haikou",
				"countries": [
					"CHN"
				]
			},
			"general": {
				"name": "General",
				"countries": "All"
			},
			"ddg-151": {
				"name": "DDG-151 Zhengzhou",
				"countries": [
					"CHN"
				]
			},
			"ddg-170": {
				"name": "DDG-170 Lanzhou",
				"countries": [
					"CHN"
				]
			},
			"default": {
				"name": "DDG-150 Changchun",
				"countries": [
					"CHN"
				]
			},
			"ddg-152": {
				"name": "DDG-152 Jinan",
				"countries": [
					"CHN"
				]
			},
			"ddg-153": {
				"name": "DDG-153 Xi'an",
				"countries": [
					"CHN"
				]
			}
		},
		"acquisitionRange": 260000,
		"engagementRange": 100000,
		"tags": "",
		"description": "",
		"abilities": "",
		"canTargetPoint": true,
		"canRearm": false
	},
	"Type_054A": {
		"name": "Type_054A",
		"coalition": "red",
		"type": "Combatants",
		"era": "Modern",
		"label": "Type 54A Yantai (Frigate)",
		"shortLabel": "Type 54A",
		"range": "Medium",
		"filename": "",
		"enabled": true,
		"liveries": {
			"ffg-573": {
				"name": "FFG-573 Liuzhou",
				"countries": [
					"CHN"
				]
			},
			"ffg-578": {
				"name": "FFG-578 Yangzhou",
				"countries": [
					"CHN"
				]
			},
			"ffg-531": {
				"name": "FFG-531 Xiangtan",
				"countries": [
					"CHN"
				]
			},
			"ffg-550": {
				"name": "FFG-550 Weifang",
				"countries": [
					"CHN"
				]
			},
			"ffg-536": {
				"name": "FFG-536 Xuchang",
				"countries": [
					"CHN"
				]
			},
			"ffg-549": {
				"name": "FFG-549 Changzhou",
				"countries": [
					"CHN"
				]
			},
			"ffg-574": {
				"name": "FFG-574 Sanya",
				"countries": [
					"CHN"
				]
			},
			"default": {
				"name": "FFG-515 Binzhou",
				"countries": [
					"CHN"
				]
			},
			"ffg-576": {
				"name": "FFG-576 Daqing",
				"countries": [
					"CHN"
				]
			},
			"ffg-599": {
				"name": "FFG-599 Anyang",
				"countries": [
					"CHN"
				]
			},
			"ffg-547": {
				"name": "FFG-547 Linyi",
				"countries": [
					"CHN"
				]
			},
			"ffg-571": {
				"name": "FFG-571 Yuncheng",
				"countries": [
					"CHN"
				]
			},
			"ffg-546": {
				"name": "FFG-546 Yancheng",
				"countries": [
					"CHN"
				]
			},
			"ffg-579": {
				"name": "FFG-579 Handan",
				"countries": [
					"CHN"
				]
			},
			"ffg-532": {
				"name": "FFG-532 Jingzhou",
				"countries": [
					"CHN"
				]
			},
			"ffg-569": {
				"name": "FFG-569 Yulin",
				"countries": [
					"CHN"
				]
			},
			"ffg-538": {
				"name": "FFG-538 Yantai",
				"countries": [
					"CHN"
				]
			},
			"ffg-577": {
				"name": "FFG-577 Huanggang",
				"countries": [
					"CHN"
				]
			},
			"general": {
				"name": "General",
				"countries": "All"
			},
			"ffg-572": {
				"name": "FFG-572 Hengshui",
				"countries": [
					"CHN"
				]
			},
			"ffg-539": {
				"name": "FFG-539 Wuhu",
				"countries": [
					"CHN"
				]
			},
			"ffg-548": {
				"name": "FFG-548 Yiyang",
				"countries": [
					"CHN"
				]
			},
			"ffg-575": {
				"name": "FFG-575 Yueyang",
				"countries": [
					"CHN"
				]
			},
			"ffg-598": {
				"name": "FFG-598 Rizhao",
				"countries": [
					"CHN"
				]
			},
			"ffg-500": {
				"name": "FFG-500 Xianning",
				"countries": [
					"CHN"
				]
			}
		},
		"acquisitionRange": 160000,
		"engagementRange": 45000,
		"tags": "",
		"description": "",
		"abilities": "35nm >50,000ft range"
	},
	"Type_071": {
		"name": "Type_071",
		"coalition": "red",
		"type": "Cargo/Transport",
		"era": "Modern",
		"label": "Type 071 (Transport dock)",
		"shortLabel": "Type 071",
		"range": "",
		"filename": "",
		"enabled": true,
		"liveries": {
			"lpd-978": {
				"name": "978 Wuzhi Shan",
				"countries": [
					"CHN"
				]
			},
			"lpd-989": {
				"name": "989 Changbai Shan",
				"countries": [
					"CHN"
				]
			},
			"default": {
				"name": "998 Kunlun Shan",
				"countries": [
					"CHN"
				]
			},
			"lpd-999": {
				"name": "999 Jinggang Shan",
				"countries": [
					"CHN"
				]
			},
			"lpd-988": {
				"name": "988 Yimeng Shan",
				"countries": [
					"CHN"
				]
			},
			"lpd-980": {
				"name": "980 Longhu Shan",
				"countries": [
					"CHN"
				]
			}
		},
		"acquisitionRange": 300000,
		"engagementRange": 150000,
		"tags": "",
		"description": "",
		"abilities": "",
		"canTargetPoint": true,
		"canRearm": false
	},
	"Type_093": {
		"name": "Type_093",
		"coalition": "red",
		"type": "Submarine",
		"era": "Modern",
		"label": "Type 093 (Shang)",
		"shortLabel": "Type 093",
		"range": "",
		"filename": "",
		"enabled": true,
		"liveries": {
			"periscope_state_1": {
				"name": "Periscope State 1",
				"countries": "All"
			}
		},
		"acquisitionRange": 40000,
		"engagementRange": 40000,
		"tags": "",
		"description": "",
		"abilities": "",
		"canTargetPoint": true,
		"canRearm": false
	},
	"USS_Arleigh_Burke_IIa": {
		"name": "USS_Arleigh_Burke_IIa",
		"coalition": "blue",
		"type": "Combatants",
		"era": "Late Cold War",
		"label": "Arleigh Burke Class (Destroyer)",
		"shortLabel": "Arleigh Burke Class (Destroyer)",
		"range": "Medium",
		"filename": "",
		"enabled": true,
		"liveries": {
			"ddg-107_uss_gravely": {
				"name": "DDG-107 USS Gravely",
				"countries": [
					"USA"
				]
			},
			"ddg-112_uss_michael_murphy": {
				"name": "DDG-112 USS Michael Murphy",
				"countries": [
					"USA"
				]
			},
			"ddg-101_uss_gridley": {
				"name": "DDG-101 USS Gridley",
				"countries": [
					"USA"
				]
			},
			"ddg-106_uss_stockdale": {
				"name": "DDG-106 USS Stockdale",
				"countries": [
					"USA"
				]
			},
			"ddg-115_uss_rafael_peralta": {
				"name": "DDG-115 USS Rafael Peralta",
				"countries": [
					"USA"
				]
			},
			"ddg-114_uss_ralph_johnson": {
				"name": "DDG-114 USS Ralph Johnson",
				"countries": [
					"USA"
				]
			},
			"ddg-116_uss_thomas_hudner": {
				"name": "DDG-116 USS Thomas Hudner",
				"countries": [
					"USA"
				]
			},
			"ddg-113_uss_john_finn": {
				"name": "DDG-113 USS John Finn",
				"countries": [
					"USA"
				]
			},
			"ddg-108_uss_wayne_e.meyer": {
				"name": "DDG-108 USS Wayne E. Meyer",
				"countries": [
					"USA"
				]
			},
			"ddg-110_uss_william_p.lawrence": {
				"name": "DDG-110 USS William P. Lawrence",
				"countries": [
					"USA"
				]
			},
			"ddg-103_uss_truxtun": {
				"name": "DDG-103 USS Truxtun",
				"countries": [
					"USA"
				]
			},
			"ddg-109_uss_jason_dunham": {
				"name": "DDG-109 USS Jason Dunham",
				"countries": [
					"USA"
				]
			},
			"ddg-105_uss_dewey": {
				"name": "DDG-105 USS Dewey",
				"countries": [
					"USA"
				]
			},
			"ddg-104_uss_sterett": {
				"name": "DDG-104 USS Sterett",
				"countries": [
					"USA"
				]
			},
			"ddg-102_uss_sampson": {
				"name": "DDG-102 USS Sampson",
				"countries": [
					"USA"
				]
			},
			"ddg-111_uss_spruance": {
				"name": "DDG-111 USS Spruance",
				"countries": [
					"USA"
				]
			}
		},
		"acquisitionRange": 150000,
		"engagementRange": 100000,
		"abilities": "",
		"tags": "",
		"description": "",
		"canTargetPoint": true,
		"canRearm": false
	},
	"ara_vdm": {
		"name": "ara_vdm",
		"coalition": "",
		"type": "Aircraft Carrier",
		"era": "Mid Cold War",
		"label": "ARA Vienticinco de Mayo",
		"shortLabel": "ARA Vienticinco de Mayo",
		"range": "",
		"filename": "",
		"enabled": true,
		"acquisitionRange": 18000,
		"engagementRange": 5000,
		"tags": "",
		"description": "",
		"abilities": "",
		"canTargetPoint": true,
		"canRearm": false
	},
	"hms_invincible": {
		"name": "hms_invincible",
		"coalition": "blue",
		"type": "Aircraft Carrier",
		"era": "Late Cold War",
		"label": "HMS Invincible",
		"shortLabel": "HMS Invincible",
		"range": "",
		"filename": "",
		"enabled": true,
		"acquisitionRange": 100000,
		"engagementRange": 74000,
		"tags": "",
		"description": "",
		"abilities": "",
		"canTargetPoint": true,
		"canRearm": false
	},
	"leander-gun-achilles": {
		"name": "leander-gun-achilles",
		"coalition": "blue",
		"type": "Combatants",
		"era": "Late Cold War",
		"label": "HMS Achilles (F12)",
		"shortLabel": "HMS Achilles",
		"range": "",
		"filename": "",
		"enabled": true,
		"acquisitionRange": 180000,
		"engagementRange": 8000,
		"tags": "",
		"description": "",
		"abilities": "",
		"canTargetPoint": true,
		"canRearm": false
	},
	"leander-gun-andromeda": {
		"name": "leander-gun-andromeda",
		"coalition": "blue",
		"type": "Combatants",
		"era": "Late Cold War",
		"label": "HMS Andromeda (F57)",
		"shortLabel": "HMS Andromeda",
		"range": "",
		"filename": "",
		"enabled": true,
		"acquisitionRange": 180000,
		"engagementRange": 140000,
		"tags": "",
		"description": "",
		"abilities": "",
		"canTargetPoint": true,
		"canRearm": false
	},
	"leander-gun-ariadne": {
		"name": "leander-gun-ariadne",
		"coalition": "blue",
		"type": "Combatants",
		"era": "Late Cold War",
		"label": "HMS Ariadne (F72)",
		"shortLabel": "HMS Ariadne",
		"range": "",
		"filename": "",
		"enabled": true,
		"acquisitionRange": 150000,
		"engagementRange": 100000,
		"tags": "",
		"description": "",
		"abilities": "",
		"canTargetPoint": true,
		"canRearm": false
	},
	"leander-gun-condell": {
		"name": "leander-gun-condell",
		"coalition": "",
		"type": "Combatants",
		"era": "Late Cold War",
		"label": "Almirante Condell PFG-06",
		"shortLabel": "Almirante Condell",
		"range": "",
		"filename": "",
		"enabled": true,
		"acquisitionRange": 150000,
		"engagementRange": 100000,
		"tags": "",
		"description": "",
		"abilities": "",
		"canTargetPoint": true,
		"canRearm": false
	},
	"leander-gun-lynch": {
		"name": "leander-gun-lynch",
		"coalition": "",
		"type": "Combatants",
		"era": "Late Cold War",
		"label": "CNS Almirante Lynch (PFG-07)",
		"shortLabel": "CNS Almirante Lynch",
		"range": "",
		"filename": "",
		"enabled": true,
		"acquisitionRange": 180000,
		"engagementRange": 140000,
		"tags": "",
		"description": "",
		"abilities": "",
		"canTargetPoint": true,
		"canRearm": false
	},
	"santafe": {
		"name": "santafe",
		"coalition": "",
		"type": "Submarine",
		"era": "WW2",
		"label": "ARA Santa Fe S-21",
		"shortLabel": "ARA Santa",
		"range": "",
		"filename": "",
		"enabled": true,
		"acquisitionRange": 0,
		"engagementRange": 0,
		"tags": "",
		"description": "",
		"abilities": "",
		"canTargetPoint": false,
		"canRearm": false
	},
	"speedboat": {
		"name": "speedboat",
		"coalition": "",
		"era": "",
		"label": "Boat Armed Hi-speed",
		"shortLabel": "Boat Armed Hi-speed",
		"type": "Fast Attack Craft",
		"enabled": true,
		"liveries": {},
		"acquisitionRange": 5000,
		"engagementRange": 1000,
		"tags": "",
		"description": "",
		"abilities": "",
		"canTargetPoint": true,
		"canRearm": false
	},
	"PERRY": {
		"name": "PERRY",
		"coalition": "blue",
		"type": "Combatants",
		"era": "Mid Cold War",
		"label": "Oliver H. Perry",
		"shortLabel": "Oliver H. Perry",
		"range": "Medium",
		"filename": "",
		"enabled": true,
		"liveries": {
			"gary": {
				"name": "USS Gary FFG-51",
				"countries": "All"
			},
			"carr": {
				"name": "USS Carr FFG-52",
				"countries": "All"
			},
			"reubenjames": {
				"name": "USS Reuben James FFG-57",
				"countries": "All"
			},
			"hawes": {
				"name": "USS Hawes FFG-53",
				"countries": "All"
			},
			"ford": {
				"name": "USS Ford FFG-54",
				"countries": "All"
			},
			"elrod": {
				"name": "USS Elrod FFG-55",
				"countries": "All"
			},
			"vandergrift": {
				"name": "USS Vandergrift FFG-48",
				"countries": "All"
			},
			"rentz": {
				"name": "USS Rentz FFG-46",
				"countries": "All"
			},
			"nicholas": {
				"name": "USS Nicholas FFG-47",
				"countries": "All"
			},
			"kauffman": {
				"name": "USS Kauffman FFG-59",
				"countries": "All"
			}
		},
		"acquisitionRange": 150000,
		"engagementRange": 100000,
		"tags": "",
		"description": "",
		"abilities": "",
		"canTargetPoint": false,
		"canRearm": false
	},
	"ALBATROS": {
		"name": "ALBATROS",
		"coalition": "red",
		"type": "Combatants",
		"era": "Modern",
		"label": "Albatros (Grisha-5)",
		"shortLabel": "Albatros",
		"range": "",
		"filename": "",
		"enabled": true,
		"liveries": {
			"141": {
				"name": "141",
				"countries": "All"
			},
			"142": {
				"name": "142",
				"countries": "All"
			},
			"143": {
				"name": "143",
				"countries": "All"
			},
			"144": {
				"name": "144",
				"countries": "All"
			},
			"145": {
				"name": "145",
				"countries": "All"
			},
			"146": {
				"name": "146",
				"countries": "All"
			},
			"147": {
				"name": "147",
				"countries": "All"
			},
			"148": {
				"name": "148",
				"countries": "All"
			},
			"149": {
				"name": "149",
				"countries": "All"
			}
		},
		"acquisitionRange": 30000,
		"engagementRange": 16000,
		"tags": "",
		"description": "",
		"abilities": "",
		"canTargetPoint": false,
		"canRearm": false
	},
	"KUZNECOW": {
		"name": "KUZNECOW",
		"coalition": "red",
		"type": "Aircraft Carrier",
		"era": "Late Cold War",
		"label": "Admiral Kuznetsov",
		"shortLabel": "AK",
		"range": "Medium",
		"filename": "",
		"enabled": true,
		"acquisitionRange": 25000,
		"engagementRange": 12000,
		"tags": "",
		"description": "",
		"abilities": "",
		"canTargetPoint": false,
		"canRearm": false
	},
	"MOLNIYA": {
		"name": "MOLNIYA",
		"coalition": "",
		"type": "Combatants",
		"era": "Late Cold War",
		"label": "Molniya (Tarantul-3)",
		"shortLabel": "Molniya",
		"range": "Short",
		"filename": "",
		"enabled": true,
		"liveries": {
			"952": {
				"name": "952",
				"countries": "All"
			},
			"953": {
				"name": "953",
				"countries": "All"
			},
			"954": {
				"name": "954",
				"countries": "All"
			}
		},
		"acquisitionRange": 21000,
		"engagementRange": 2000,
		"tags": "",
		"description": "",
		"abilities": "",
		"canTargetPoint": false,
		"canRearm": false
	},
	"MOSCOW": {
		"name": "MOSCOW",
		"coalition": "red",
		"type": "Combatants",
		"era": "Late Cold War",
		"label": "Moscow",
		"shortLabel": "Moscow",
		"range": "Medium",
		"filename": "",
		"enabled": true,
		"liveries": {
			"default": {
				"name": "default",
				"countries": "All"
			},
			"cow1": {
				"name": "cow1",
				"countries": "All"
			},
			"cow3": {
				"name": "cow3",
				"countries": "All"
			},
			"cow2": {
				"name": "cow2",
				"countries": "All"
			}
		},
		"acquisitionRange": 160000,
		"engagementRange": 75000,
		"tags": "",
		"description": "",
		"abilities": "",
		"canTargetPoint": false,
		"canRearm": false
	},
	"NEUSTRASH": {
		"name": "NEUSTRASH",
		"coalition": "red",
		"type": "Combatants",
		"era": "Late Cold War",
		"label": "Neustrashimy",
		"shortLabel": "Neustrashimy",
		"range": "",
		"filename": "",
		"enabled": true,
		"acquisitionRange": 27000,
		"engagementRange": 12000,
		"tags": "",
		"description": "",
		"abilities": "",
		"canTargetPoint": false,
		"canRearm": false
	},
	"PIOTR": {
		"name": "PIOTR",
		"coalition": "red",
		"era": "Late Cold War",
		"label": "Pyotr Velikiy (Battlecruiser)",
		"shortLabel": "Pyotr Velikiy",
		"type": "Combatants",
		"enabled": true,
		"liveries": {},
		"acquisitionRange": 250000,
		"engagementRange": 190000,
		"tags": "",
		"description": "",
		"abilities": "",
		"canTargetPoint": true,
		"canRearm": false
	},
	"REZKY": {
		"name": "REZKY",
		"coalition": "red",
		"type": "Combatants",
		"era": "WW2",
		"label": "Rezky (Krivak-2)",
		"shortLabel": "Rezky",
		"range": "",
		"filename": "",
		"enabled": true,
		"acquisitionRange": 30000,
		"engagementRange": 16000,
		"tags": "",
		"description": "",
		"abilities": "",
		"canTargetPoint": false,
		"canRearm": false
	},
	"ELNYA": {
		"name": "ELNYA",
		"coalition": "red",
		"type": "Cargo/Transport",
		"era": "Late Cold War",
		"label": "Elnya tanker",
		"shortLabel": "Elnya tanker",
		"range": "",
		"filename": "",
		"enabled": true,
		"liveries": {
			"952": {
				"name": "952",
				"countries": "All"
			},
			"953": {
				"name": "953",
				"countries": "All"
			},
			"954": {
				"name": "954",
				"countries": "All"
			}
		},
		"acquisitionRange": 0,
		"engagementRange": 0,
		"tags": "",
		"description": "",
		"abilities": "",
		"canTargetPoint": false,
		"canRearm": false
	},
	"Dry-cargo ship-2": {
		"name": "Dry-cargo ship-2",
		"coalition": "",
		"era": "",
		"label": "Cargo Ivanov",
		"shortLabel": "Cargo Ivanov",
		"type": "Cargo/Transport",
		"enabled": true,
		"liveries": {},
		"acquisitionRange": 0,
		"engagementRange": 0,
		"tags": "",
		"description": "",
		"abilities": "",
		"canTargetPoint": false,
		"canRearm": false
	},
	"Dry-cargo ship-1": {
		"name": "Dry-cargo ship-1",
		"coalition": "",
		"era": "",
		"label": "Bulker Yakushev",
		"shortLabel": "Bulker Yakushev",
		"type": "Cargo/Transport",
		"enabled": true,
		"liveries": {},
		"acquisitionRange": 0,
		"engagementRange": 0,
		"tags": "",
		"description": "",
		"abilities": "",
		"canTargetPoint": false,
		"canRearm": false
	},
	"ZWEZDNY": {
		"name": "ZWEZDNY",
		"coalition": "",
		"type": "Cargo/Transport",
		"era": "Modern",
		"label": "Zwezdny",
		"shortLabel": "Zwezdny",
		"range": "",
		"filename": "",
		"enabled": true,
		"acquisitionRange": 0,
		"engagementRange": 0,
		"tags": "",
		"description": "",
		"abilities": "",
		"canTargetPoint": false,
		"canRearm": false
	},
	"KILO": {
		"name": "KILO",
		"coalition": "red",
		"type": "Submarine",
		"era": "Mid Cold War",
		"label": "Project 636 Varshavyanka Basic",
		"shortLabel": "Varshavyanka Basic",
		"range": "Medium",
		"filename": "",
		"enabled": true,
		"acquisitionRange": 0,
		"engagementRange": 0,
		"tags": "",
		"description": "",
		"abilities": "",
		"canTargetPoint": false,
		"canRearm": false
	},
	"IMPROVED_KILO": {
		"name": "IMPROVED_KILO",
		"coalition": "red",
		"era": "",
		"label": "SSK 636 Improved Kilo",
		"shortLabel": "Kilo",
		"type": "Submarine",
		"enabled": true,
		"liveries": {},
		"acquisitionRange": 0,
		"engagementRange": 0,
		"tags": "",
		"description": "",
		"abilities": "",
		"canTargetPoint": false,
		"canRearm": false
	},
	"SOM": {
		"name": "SOM",
		"coalition": "",
		"era": "",
		"label": "SSK 641B Tango",
		"shortLabel": "Tango",
		"type": "Submarine",
		"enabled": true,
		"liveries": {},
		"acquisitionRange": 0,
		"engagementRange": 0,
		"tags": "",
		"description": "",
		"abilities": "",
		"canTargetPoint": false,
		"canRearm": false
	},
	"Forrestal": {
		"name": "Forrestal",
		"coalition": "blue",
		"era": "Early Cold War",
		"label": "CV-59 Forrestal",
		"shortLabel": "CV-59 Forrestal",
		"type": "Aircraft Carrier",
		"enabled": true,
		"liveries": {},
		"acquisitionRange": 50000,
		"engagementRange": 25000,
		"tags": "",
		"description": "",
		"abilities": "",
		"canTargetPoint": false,
		"canRearm": false
	},
	"LST_Mk2": {
		"name": "LST_Mk2",
		"coalition": "blue",
		"era": "WW2",
		"label": "LST Mk.II",
		"shortLabel": "LST Mk.II",
		"type": "Cargo/Transport",
		"enabled": true,
		"liveries": {},
		"acquisitionRange": 0,
		"engagementRange": 4000,
		"tags": "",
		"description": "",
		"abilities": "",
		"canTargetPoint": true,
		"canRearm": false
	},
	"USS_Samuel_Chase": {
		"name": "USS_Samuel_Chase",
		"coalition": "blue",
		"era": "WW2",
		"label": "LS Samuel Chase",
		"shortLabel": "LS Samuel Chase",
		"type": "Cargo/Transport",
		"enabled": true,
		"liveries": {},
		"acquisitionRange": 0,
		"engagementRange": 7000,
		"tags": "",
		"description": "",
		"abilities": "",
		"canTargetPoint": true,
		"canRearm": false
	},
	"Higgins_boat": {
		"name": "Higgins_boat",
		"coalition": "blue",
		"era": "WW2",
		"label": "Boat LCVP Higgins",
		"shortLabel": "Boat LCVP Higgins",
		"type": "Cargo/Transport",
		"enabled": true,
		"liveries": {},
		"acquisitionRange": 3000,
		"engagementRange": 1000,
		"tags": "",
		"description": "",
		"abilities": "",
		"canTargetPoint": true,
		"canRearm": false
	},
	"Uboat_VIIC": {
		"name": "Uboat_VIIC",
		"coalition": "red",
		"era": "WW2",
		"label": "U-boat VIIC",
		"shortLabel": "U-boat",
		"type": "Submarine",
		"enabled": true,
		"liveries": {},
		"acquisitionRange": 20000,
		"engagementRange": 4000,
		"tags": "",
		"description": "",
		"abilities": "",
		"canTargetPoint": true,
		"canRearm": false
	},
	"Schnellboot_type_S130": {
		"name": "Schnellboot_type_S130",
		"coalition": "red",
		"era": "WW2",
		"label": "Boat Schnellboot type S130",
		"shortLabel": "Boat Schnellboot type S130",
		"type": "Fast Attack Craft",
		"enabled": true,
		"liveries": {},
		"acquisitionRange": 10000,
		"engagementRange": 4000,
		"tags": "",
		"description": "",
		"abilities": "",
		"canTargetPoint": true,
		"canRearm": false
	},
	"BDK-775": {
		"name": "BDK-775",
		"coalition": "",
		"era": "Late Cold War",
		"label": "LS Ropucha",
		"shortLabel": "LS Ropucha",
		"type": "Cargo/Transport",
		"enabled": true,
		"liveries": {}
	},
	"VINSON": {
		"name": "VINSON",
		"coalition": "",
		"era": "",
		"label": "Do not enable - CVN-70 Carl Vinson - Very legacy, invisible unit ",
		"shortLabel": "CVN-70 Carl Vinson",
		"type": "Bugged",
		"enabled": false,
		"liveries": {}
	}
}